-- phpMyAdmin SQL Dump
-- version 5.2.1
-- https://www.phpmyadmin.net/
--
-- Servidor: 127.0.0.1
-- Tiempo de generación: 04-03-2026 a las 22:13:23
-- Versión del servidor: 10.4.32-MariaDB
-- Versión de PHP: 8.2.12

SET SQL_MODE = "NO_AUTO_VALUE_ON_ZERO";
START TRANSACTION;
SET time_zone = "+00:00";


/*!40101 SET @OLD_CHARACTER_SET_CLIENT=@@CHARACTER_SET_CLIENT */;
/*!40101 SET @OLD_CHARACTER_SET_RESULTS=@@CHARACTER_SET_RESULTS */;
/*!40101 SET @OLD_COLLATION_CONNECTION=@@COLLATION_CONNECTION */;
/*!40101 SET NAMES utf8mb4 */;

--
-- Base de datos: `biefrp`
--

-- --------------------------------------------------------

--
-- Estructura de tabla para la tabla `cuestionario`
--

CREATE TABLE `cuestionario` (
  `id` int(11) NOT NULL,
  `cuestionario` varchar(100) NOT NULL,
  `factor_a` int(11) NOT NULL,
  `factor_b` int(11) NOT NULL
) ENGINE=InnoDB DEFAULT CHARSET=utf8 COLLATE=utf8_general_ci;

--
-- Volcado de datos para la tabla `cuestionario`
--

INSERT INTO `cuestionario` (`id`, `cuestionario`, `factor_a`, `factor_b`) VALUES
(1, 'Intralaboral A', 492, 0),
(2, 'Intralaboral B', 0, 388),
(3, 'Extralaboral', 616, 512),
(4, 'Estres', 0, 0);

-- --------------------------------------------------------

--
-- Estructura de tabla para la tabla `cuestionario_dimencion_dominio`
--

CREATE TABLE `cuestionario_dimencion_dominio` (
  `id` int(11) NOT NULL,
  `cuestionario_id` int(11) NOT NULL,
  `dimencion_id` int(11) NOT NULL,
  `dominio_id` int(11) NOT NULL
) ENGINE=InnoDB DEFAULT CHARSET=utf8 COLLATE=utf8_general_ci;

--
-- Volcado de datos para la tabla `cuestionario_dimencion_dominio`
--

INSERT INTO `cuestionario_dimencion_dominio` (`id`, `cuestionario_id`, `dimencion_id`, `dominio_id`) VALUES
(1, 1, 1, 1),
(2, 1, 2, 1),
(3, 1, 3, 1),
(4, 1, 4, 1),
(5, 1, 5, 2),
(6, 1, 6, 2),
(7, 1, 7, 2),
(8, 1, 8, 2),
(9, 1, 9, 2),
(10, 1, 10, 3),
(11, 1, 11, 3),
(12, 1, 12, 3),
(13, 1, 13, 3),
(14, 1, 14, 3),
(15, 1, 15, 3),
(16, 1, 16, 3),
(17, 1, 17, 3),
(18, 1, 18, 4),
(19, 1, 19, 4),
(20, 1, 20, 4),
(21, 1, 21, 4),
(22, 2, 20, 1),
(23, 2, 21, 1),
(24, 2, 22, 1),
(25, 2, 23, 1),
(26, 2, 24, 2),
(27, 2, 25, 2),
(28, 2, 26, 2),
(29, 2, 27, 2),
(30, 2, 28, 2),
(31, 2, 29, 3),
(32, 2, 30, 3),
(33, 2, 31, 3),
(34, 2, 32, 3),
(35, 2, 33, 3),
(36, 2, 34, 3),
(37, 2, 35, 3),
(38, 2, 36, 3),
(39, 2, 37, 4),
(40, 2, 38, 4),
(41, 3, 39, 0),
(42, 3, 40, 0),
(43, 3, 41, 0),
(44, 3, 42, 0),
(45, 3, 43, 0),
(46, 3, 44, 0),
(47, 3, 45, 0);

-- --------------------------------------------------------

--
-- Estructura de tabla para la tabla `datos_generales`
--

CREATE TABLE `datos_generales` (
  `id` int(11) NOT NULL,
  `cedula` varchar(20) NOT NULL,
  `nombre_empresa` text NOT NULL,
  `fecha` varchar(30) NOT NULL,
  `nombre_completo` text NOT NULL,
  `sexo` varchar(30) NOT NULL,
  `anio_nacimiento` varchar(10) NOT NULL,
  `estado_civil` varchar(50) NOT NULL,
  `ultimo_nivel_estudios` varchar(300) NOT NULL,
  `ocupacion_profesion` text NOT NULL,
  `lugar_residencia` text NOT NULL,
  `estrato` varchar(10) NOT NULL,
  `tipo_vivienda` varchar(50) NOT NULL,
  `cantidad_personas_dependientes` varchar(4) NOT NULL,
  `lugar_trabajo` text NOT NULL,
  `antiguedad_empresa` varchar(100) NOT NULL,
  `cargo` text NOT NULL,
  `tipo_cargo` text NOT NULL,
  `antiguedad_cargo` varchar(100) NOT NULL,
  `nombre_area` text NOT NULL,
  `tipo_contrato` varchar(300) NOT NULL,
  `horas_diarias` varchar(2) NOT NULL,
  `tipo_salario` text NOT NULL
) ENGINE=InnoDB DEFAULT CHARSET=utf8 COLLATE=utf8_general_ci;

--
-- Volcado de datos para la tabla `datos_generales`
--

INSERT INTO `datos_generales` (`id`, `cedula`, `nombre_empresa`, `fecha`, `nombre_completo`, `sexo`, `anio_nacimiento`, `estado_civil`, `ultimo_nivel_estudios`, `ocupacion_profesion`, `lugar_residencia`, `estrato`, `tipo_vivienda`, `cantidad_personas_dependientes`, `lugar_trabajo`, `antiguedad_empresa`, `cargo`, `tipo_cargo`, `antiguedad_cargo`, `nombre_area`, `tipo_contrato`, `horas_diarias`, `tipo_salario`) VALUES
(2, '1012457530', 'Prisma', '2022-03-25', 'Jhoann David Mina Lopez', 'M', '1998', 'Unión libre', 'Técnico / tecnológico completo', 'Empleado (Aux Logico Transporte)', 'Bogotá-Cundinamarca', '2', 'En Arriendo', '1', 'Bogotá-Cundinamarca', '2', 'Aux logistico y transporte', 'Operario, operador, ayudante, servicios generales', '2', 'Logistica', 'Término indefinido', '10', 'Fijo (diario, semanal, quincenal o mensual)'),
(4, '53039697', 'Prisma', '2022-03-25', 'Lucy Leonor Franco Bello', 'F', '1985', 'Soltero (a)', 'Técnico / tecnológico completo', 'Coordinador logistico de compras', 'Bogotá-Cundinamarca', '3', 'Familiar', '2', 'Bogotá-Cundinamarca', '1.5', 'Coordinador logistico de compras', 'Jefatura - tiene personal a cargo', '1.5', 'Logistico y compras', 'Término indefinido', '9', 'Fijo (diario, semanal, quincenal o mensual)'),
(5, '1000336533', 'Prisma', '2022-03-25', 'Yeminnydaleth Ablaim Gaspar Banguera', 'F', '2003', 'Soltero (a)', 'Técnico / tecnológico completo', 'Aprendiz SENA', 'Bogotá-Cundinamarca', '2', 'Propia', '0', 'Bogotá-Cundinamarca', 'Menos de un año', 'Auxiliar Contable', 'Auxiliar, asistente administrativo, asistente técnico', 'Menos de un año', 'Area Administrativa', 'Temporal de menos de 1 año', '9', 'Fijo (diario, semanal, quincenal o mensual)'),
(8, '1026302583', 'Geovisión de Colombia SAS', '2026-02-17', 'Harold Andrey Flautero Nora', 'M', '1998', 'Soltero (a)', 'Técnico / tecnológico completo', 'Coordinador Logistico', 'Bogotá-Colombia', '2', 'Familiar', '0', 'Bogotá-Colombia', '8', 'Coordinador Logistico', 'Jefatura - tiene personal a cargo', '8', 'Bogotá', 'Término indefinido', '9', 'Fijo (diario, semanal, quincenal o mensual)'),
(9, '3', 'Geovisión de Colombia SAS', '2026-02-17', '3', 'M', '3', 'Soltero (a)', 'Primaria incompleta', '3', '3-3', '3', 'Propia', '3', '3-3', 'Menos de un año', '3', 'Jefatura - tiene personal a cargo', 'Menos de un año', '3', 'Temporal de menos de 1 año', '3', 'Fijo (diario, semanal, quincenal o mensual)'),
(10, '1001053058', 'Geovisión de Colombia SAS', '2026-01-26', 'William Alexander Duque Gonzalez', 'M', '2001', 'Soltero (a)', 'Técnico / tecnológico completo', 'Diseñador Grafico', 'Bogotá-Cundinamarca', '2', 'Familiar', '1', 'Bogotá-Cundinamarca', '6', 'Diseñador Grafico y Auxiliar Marketing', 'Profesional, analista, técnico, tecnólogo', '6', 'Comercial', 'Término indefinido', '8', 'Fijo (diario, semanal, quincenal o mensual)'),
(11, '1000155975', 'Geovisión de Colombia SAS', '2026-01-26', 'Ingrid Daniela Cheque Cardozo', 'F', '2000', 'Soltero (a)', 'Técnico / tecnológico completo', 'Asistente Contable', 'Soacha-Cundinamarca', '3', 'Familiar', '0', 'Bogotá-Cundinamarca', '1', 'Asistente Contable', 'Auxiliar, asistente administrativo, asistente técnico', '1', 'Contabilidad', 'Término indefinido', '9', 'Fijo (diario, semanal, quincenal o mensual)'),
(12, '123', 'Gerente de proyectos ', '2026-02-27', 'Gerente de proyectos ', 'M', '2000', 'Soltero (a)', 'Ninguno', 'Gerente de proyectos ', 'Bogotá-Cundinamarca', '1', 'Propia', '0', 'Bogotá-Cundinamarca', '1', 'Gerente de proyectos', 'Profesional, analista, técnico, tecnólogo', 'Menos de un año', 'Gerente de proyectos', 'Temporal de menos de 1 año', '8', 'Fijo (diario, semanal, quincenal o mensual)'),
(13, '456', 'Asistente servicio cliente', '2026-02-27', 'Asistente servicio cliente', 'M', '2000', 'Soltero (a)', 'Ninguno', 'Asistente servicio cliente', 'Bogotá-Cundinamarca', '1', 'Propia', '1', 'Bogotá-Cundinamarca', 'Menos de un año', 'Asistente servicio cliente', 'Jefatura - tiene personal a cargo', 'Menos de un año', 'Asistente servicio cliente', 'Temporal de menos de 1 año', '8', 'Fijo (diario, semanal, quincenal o mensual)'),
(14, '98765', 'Ing. Soporte tecnico y com', '2026-03-04', 'Ing. Soporte tecnico y com.', 'M', '2000', 'Soltero (a)', 'Ninguno', 'Ing. Soporte tecnico y com', 'Bogotá-Cundinamarca', '1', 'Propia', '1', 'Bogotá-Cundinamarca', 'Menos de un año', 'Ing. Soporte tecnico y com', 'Jefatura - tiene personal a cargo', 'Menos de un año', 'Ing. Soporte tecnico y com', 'Temporal de menos de 1 año', '8', 'Fijo (diario, semanal, quincenal o mensual)'),
(16, '424242', 'Servicios Generales  B', '2026-03-04', 'Servicios Generales  B', 'M', '2000', 'Soltero (a)', 'Ninguno', 'Servicios Generales  B', 'Bogotá-Cundinamarca', '1', 'Propia', '1', 'Bogotá-Cundinamarca', 'Menos de un año', 'Servicios Generales  B', 'Jefatura - tiene personal a cargo', 'Menos de un año', 'Servicios Generales  B', 'Temporal de menos de 1 año', '2', 'Fijo (diario, semanal, quincenal o mensual)');

-- --------------------------------------------------------

--
-- Estructura de tabla para la tabla `dimenciones`
--

CREATE TABLE `dimenciones` (
  `id` int(11) NOT NULL,
  `dimencion` varchar(100) NOT NULL,
  `factor` int(11) NOT NULL,
  `cuestionario_id` int(11) NOT NULL
) ENGINE=InnoDB DEFAULT CHARSET=utf8 COLLATE=utf8_general_ci;

--
-- Volcado de datos para la tabla `dimenciones`
--

INSERT INTO `dimenciones` (`id`, `dimencion`, `factor`, `cuestionario_id`) VALUES
(1, 'Características del liderazgo', 52, 1),
(2, 'Relaciones sociales en el trabajo', 56, 1),
(3, 'Retroalimentación del desempeño', 20, 1),
(4, 'Relación con los colaboradores (subordinados)', 36, 1),
(5, 'Claridad de rol', 28, 1),
(6, 'Capacitación', 12, 1),
(7, 'Participación y manejo del cambio', 16, 1),
(8, 'Oportunidades de desarrollo y uso de habilidades y conocimientos', 16, 1),
(9, 'Control y autonomía sobre el trabajo', 12, 1),
(10, 'Demandas ambientales y de esfuerzo físico', 48, 1),
(11, 'Demandas emocionales', 36, 1),
(12, 'Demandas cuantitativas', 24, 1),
(13, 'Influencia del trabajo sobre el entorno extralaboral', 16, 1),
(14, 'Exigencias de responsabilidad del cargo', 24, 1),
(15, 'Demandas de carga mental', 20, 1),
(16, 'Consistencia del rol', 20, 1),
(17, 'Demandas de la jornada de trabajo', 12, 1),
(18, 'Recompensas derivadas de la pertenencia a la organización y del trabajo que se realiza', 20, 1),
(19, 'Reconocimiento y compensación', 24, 1),
(20, 'Características del liderazgo', 52, 2),
(21, 'Relaciones sociales en el trabajo', 48, 2),
(22, 'Retroalimentación del desempeño', 20, 2),
(23, 'Relación con los colaboradores (subordinados)', 0, 2),
(24, 'Claridad de rol', 20, 2),
(25, 'Capacitación', 12, 2),
(26, 'Participación y manejo del cambio', 12, 2),
(27, 'Oportunidades para el uso y desarro-\nllo de habilidades y conocimientos', 16, 2),
(28, 'Control y autonomía sobre el trabajo', 12, 2),
(29, 'Demandas ambientales y de esfuerzo físico', 48, 2),
(30, 'Demandas emocionales', 36, 2),
(31, 'Demandas cuantitativas', 12, 2),
(32, 'Influencia del trabajo sobre el entorno extralaboral', 16, 2),
(33, 'Exigencias de responsabilidad del cargo', 0, 2),
(34, 'Demandas de carga mental', 20, 2),
(35, 'Consistencia del rol', 0, 2),
(36, 'Demandas de la jornada de trabajo', 24, 2),
(37, 'Recompensas derivadas de la pertenencia a la organización y del trabajo que se realiza', 16, 2),
(38, 'Reconocimiento y compensación', 24, 2),
(39, 'Tiempo fuera del trabajo', 16, 3),
(40, 'Relaciones familiares', 12, 3),
(41, 'ComunicaciÛn y relaciones interpersonales', 20, 3),
(42, 'SituaciÛn econÛmica del grupo familiar', 12, 3),
(43, 'CaracterÌsticas de la vivienda y de su entorno', 36, 3),
(44, 'Influencia del entorno extralaboral sobre el trabajo', 12, 3),
(45, 'Desplazamiento vivienda ñ trabajo ñ vivienda', 16, 3);

-- --------------------------------------------------------

--
-- Estructura de tabla para la tabla `dimencion_item`
--

CREATE TABLE `dimencion_item` (
  `id` int(11) NOT NULL,
  `dimencion_id` int(11) NOT NULL,
  `item_id` int(11) NOT NULL
) ENGINE=InnoDB DEFAULT CHARSET=utf8 COLLATE=utf8_general_ci;

--
-- Volcado de datos para la tabla `dimencion_item`
--

INSERT INTO `dimencion_item` (`id`, `dimencion_id`, `item_id`) VALUES
(1, 1, 63),
(2, 1, 64),
(3, 1, 65),
(4, 1, 66),
(5, 1, 67),
(6, 1, 68),
(7, 1, 69),
(8, 1, 70),
(9, 1, 71),
(10, 1, 72),
(11, 1, 73),
(12, 1, 74),
(13, 1, 75),
(14, 2, 76),
(15, 2, 77),
(16, 2, 78),
(17, 2, 79),
(18, 2, 80),
(19, 2, 81),
(20, 2, 82),
(21, 2, 83),
(22, 2, 84),
(23, 2, 85),
(24, 2, 86),
(25, 2, 87),
(26, 2, 88),
(27, 2, 89),
(28, 3, 90),
(29, 3, 91),
(30, 3, 92),
(31, 3, 93),
(32, 3, 94),
(33, 4, 115),
(34, 4, 116),
(35, 4, 117),
(36, 4, 118),
(37, 4, 119),
(38, 4, 120),
(39, 4, 121),
(40, 4, 122),
(41, 4, 123),
(42, 5, 53),
(43, 5, 54),
(44, 5, 55),
(45, 5, 56),
(46, 5, 57),
(47, 5, 58),
(48, 5, 59),
(49, 6, 60),
(50, 6, 61),
(51, 6, 62),
(52, 7, 48),
(53, 7, 49),
(54, 7, 50),
(55, 7, 51),
(56, 8, 39),
(57, 8, 40),
(58, 8, 41),
(59, 8, 42),
(60, 9, 44),
(61, 9, 45),
(62, 9, 46),
(63, 10, 1),
(64, 10, 2),
(65, 10, 3),
(66, 10, 4),
(67, 10, 5),
(68, 10, 6),
(69, 10, 7),
(70, 10, 8),
(71, 10, 9),
(72, 10, 10),
(73, 10, 11),
(74, 10, 12),
(75, 11, 106),
(76, 11, 107),
(77, 11, 108),
(78, 11, 109),
(79, 11, 110),
(80, 11, 111),
(81, 11, 112),
(82, 11, 113),
(83, 11, 114),
(84, 12, 13),
(85, 12, 14),
(86, 12, 15),
(87, 12, 32),
(88, 12, 43),
(89, 12, 47),
(90, 13, 35),
(91, 13, 36),
(92, 13, 37),
(93, 13, 38),
(94, 14, 19),
(95, 14, 22),
(96, 14, 23),
(97, 14, 24),
(98, 14, 25),
(99, 14, 26),
(100, 15, 16),
(101, 15, 17),
(102, 15, 18),
(103, 15, 20),
(104, 15, 21),
(105, 16, 27),
(106, 16, 28),
(107, 16, 29),
(108, 16, 30),
(109, 16, 52),
(110, 17, 31),
(111, 17, 33),
(112, 17, 34),
(113, 18, 95),
(114, 18, 102),
(115, 18, 103),
(116, 18, 104),
(117, 18, 105),
(118, 19, 96),
(119, 19, 97),
(120, 19, 98),
(121, 19, 99),
(122, 19, 100),
(123, 19, 101),
(137, 20, 172),
(138, 20, 173),
(139, 20, 174),
(140, 20, 175),
(141, 20, 176),
(142, 20, 177),
(143, 20, 178),
(144, 20, 179),
(145, 20, 180),
(146, 20, 181),
(147, 20, 182),
(148, 20, 183),
(149, 20, 184),
(162, 21, 185),
(163, 21, 186),
(164, 21, 187),
(165, 21, 188),
(166, 21, 189),
(167, 21, 190),
(168, 21, 191),
(169, 21, 192),
(170, 21, 193),
(171, 21, 194),
(172, 21, 195),
(173, 21, 196),
(175, 22, 197),
(176, 22, 198),
(177, 22, 199),
(178, 22, 200),
(179, 22, 201),
(185, 24, 164),
(186, 24, 165),
(187, 24, 166),
(188, 24, 167),
(189, 24, 168),
(190, 25, 169),
(191, 25, 170),
(192, 25, 171),
(193, 26, 161),
(194, 26, 162),
(195, 26, 163),
(196, 27, 152),
(197, 27, 153),
(198, 27, 154),
(199, 27, 155),
(200, 28, 157),
(201, 28, 158),
(202, 28, 159),
(203, 29, 124),
(204, 29, 125),
(205, 29, 126),
(206, 29, 127),
(207, 29, 128),
(208, 29, 129),
(209, 29, 130),
(210, 29, 131),
(211, 29, 132),
(212, 29, 133),
(213, 29, 134),
(214, 29, 135),
(215, 30, 212),
(216, 30, 213),
(217, 30, 214),
(218, 30, 215),
(219, 30, 216),
(220, 30, 217),
(221, 30, 218),
(222, 30, 219),
(223, 30, 220),
(224, 31, 136),
(225, 31, 137),
(226, 31, 138),
(227, 32, 148),
(228, 32, 149),
(229, 32, 150),
(230, 32, 151),
(231, 34, 139),
(232, 34, 140),
(233, 34, 141),
(234, 34, 142),
(235, 34, 143),
(236, 36, 144),
(237, 36, 145),
(238, 36, 146),
(239, 36, 147),
(240, 36, 156),
(241, 36, 160),
(242, 37, 208),
(243, 37, 209),
(244, 37, 210),
(245, 37, 211),
(246, 38, 202),
(247, 38, 203),
(248, 38, 204),
(249, 38, 205),
(250, 38, 206),
(251, 38, 207),
(252, 39, 236),
(253, 39, 234),
(254, 39, 237),
(255, 39, 235),
(256, 40, 245),
(257, 40, 242),
(258, 40, 247),
(259, 41, 238),
(260, 41, 239),
(261, 41, 240),
(262, 41, 243),
(263, 41, 241),
(264, 42, 249),
(265, 42, 251),
(266, 42, 250),
(267, 43, 233),
(268, 43, 226),
(269, 43, 227),
(270, 43, 228),
(271, 43, 229),
(272, 43, 230),
(273, 43, 231),
(274, 43, 232),
(275, 43, 225),
(276, 44, 248),
(277, 44, 246),
(278, 44, 244),
(279, 45, 224),
(280, 45, 223),
(281, 45, 222),
(282, 45, 221);

-- --------------------------------------------------------

--
-- Estructura de tabla para la tabla `dominios`
--

CREATE TABLE `dominios` (
  `id` int(11) NOT NULL,
  `dominio` varchar(100) NOT NULL,
  `forma_a` int(11) NOT NULL,
  `forma_b` int(11) NOT NULL
) ENGINE=InnoDB DEFAULT CHARSET=utf8 COLLATE=utf8_general_ci;

--
-- Volcado de datos para la tabla `dominios`
--

INSERT INTO `dominios` (`id`, `dominio`, `forma_a`, `forma_b`) VALUES
(1, 'LIDERAZGO Y RELACIONES SOCIALES EN EL TRABAJO', 164, 120),
(2, 'CONTROL SOBRE EL TRABAJO', 84, 72),
(3, 'DEMANDAS DEL TRABAJO', 200, 156),
(4, 'RECOMPENSA', 44, 40);

-- --------------------------------------------------------

--
-- Estructura de tabla para la tabla `filtros`
--

CREATE TABLE `filtros` (
  `id` int(11) NOT NULL,
  `campo` text NOT NULL,
  `filtro` varchar(100) NOT NULL,
  `orden` varchar(100) NOT NULL
) ENGINE=InnoDB DEFAULT CHARSET=utf8 COLLATE=utf8_general_ci;

--
-- Volcado de datos para la tabla `filtros`
--

INSERT INTO `filtros` (`id`, `campo`, `filtro`, `orden`) VALUES
(1, 'cedula', '', ''),
(2, 'nombre_empresa', 'ORDER BY', 'ASC'),
(3, 'fecha', '', ''),
(4, 'nombre_completo', '', ''),
(5, 'sexo', '', ''),
(6, 'anio_nacimiento', '', ''),
(7, 'estado_civil', '', ''),
(8, 'ultimo_nivel_estudios', '', ''),
(9, 'ocupacion_profesion', '', ''),
(10, 'lugar_residencia', '', ''),
(11, 'estrato', '', ''),
(12, 'tipo_vivienda', '', ''),
(13, 'cantidad_personas_dependientes', '', ''),
(14, 'lugar_trabajo', '', ''),
(15, 'antiguedad_empresa', '', ''),
(16, 'cargo', '', ''),
(17, 'tipo_cargo', '', ''),
(18, 'antiguedad_cargo', '', ''),
(19, 'nombre_area', '', ''),
(20, 'tipo_contrato', '', ''),
(21, 'horas_diarias', '', ''),
(22, 'tipo_salario', '', '');

-- --------------------------------------------------------

--
-- Estructura de tabla para la tabla `items`
--

CREATE TABLE `items` (
  `id` int(11) NOT NULL,
  `item` text NOT NULL
) ENGINE=InnoDB DEFAULT CHARSET=utf8 COLLATE=utf8_general_ci;

--
-- Volcado de datos para la tabla `items`
--

INSERT INTO `items` (`id`, `item`) VALUES
(1, 'El ruido en el lugar donde trabajo es molesto'),
(2, 'En el lugar donde trabajo hace mucho frío'),
(3, 'En el lugar donde trabajo hace mucho calor'),
(4, 'El aire en el lugar donde trabajo es fresco y agradable'),
(5, 'La luz del sitio donde trabajo es agradable'),
(6, 'El espacio donde trabajo es cómodo'),
(7, 'En mi trabajo me preocupa estar expuesto a sustancias químicas que afecten mi salud'),
(8, 'Mi trabajo me exige hacer mucho esfuerzo físico'),
(9, 'Los equipos o herramientas con los que trabajo son cómodos'),
(10, 'En mi trabajo me preocupa estar expuesto a microbios, animales o plantas que afecten mi salud'),
(11, 'Me preocupa accidentarme en mi trabajo'),
(12, 'El lugar donde trabajo es limpio y ordenado'),
(13, 'Por la cantidad de trabajo que tengo debo quedarme tiempo adicional'),
(14, 'Me alcanza el tiempo de trabajo para tener al día mis deberes'),
(15, 'Por la cantidad de trabajo que tengo debo trabajar sin parar'),
(16, 'Mi trabajo me exige hacer mucho esfuerzo mental'),
(17, 'Mi trabajo me exige estar muy concentrado'),
(18, 'Mi trabajo me exige memorizar mucha información'),
(19, 'En mi trabajo tengo que tomar decisiones difíciles muy rápido'),
(20, 'Mi trabajo me exige atender a muchos asuntos al mismo tiempo'),
(21, 'Mi trabajo requiere que me fije en pequeños detalles'),
(22, 'En mi trabajo respondo por cosas de mucho valor'),
(23, 'En mi trabajo respondo por dinero de la empresa'),
(24, 'Como parte de mis funciones debo responder por la seguridad de otros'),
(25, 'Respondo ante mi jefe por los resultados de toda mi área de trabajo'),
(26, 'Mi trabajo me exige cuidar la salud de otras personas'),
(27, 'En el trabajo me dan órdenes contradictorias'),
(28, 'En mi trabajo me piden hacer cosas innecesarias'),
(29, 'En mi trabajo se presentan situaciones en las que debo pasar por alto normas o procedimientos'),
(30, 'En mi trabajo tengo que hacer cosas que se podrían hacer de una forma más práctica'),
(31, 'Trabajo en horario de noche'),
(32, 'En mi trabajo es posible tomar pausas para descansar'),
(33, 'Mi trabajo me exige laborar en días de descanso, festivos o fines de semana'),
(34, 'En mi trabajo puedo tomar fines de semana o días de descanso al mes'),
(35, 'Cuando estoy en casa sigo pensando en el trabajo'),
(36, 'Discuto con mi familia o amigos por causa de mi trabajo'),
(37, 'Debo atender asuntos de trabajo cuando estoy en casa'),
(38, 'Por mi trabajo el tiempo que paso con mi familia y amigos es muy poco'),
(39, 'Mi trabajo me permite desarrollar mis habilidades'),
(40, 'Mi trabajo me permite aplicar mis conocimientos'),
(41, 'Mi trabajo me permite aprender nuevas cosas'),
(42, 'Me asignan el trabajo teniendo en cuenta mis capacidades.'),
(43, 'Puedo tomar pausas cuando las necesito'),
(44, 'Puedo decidir cuánto trabajo hago en el día'),
(45, 'Puedo decidir la velocidad a la que trabajo'),
(46, 'Puedo cambiar el orden de las actividades en mi trabajo'),
(47, 'Puedo parar un momento mi trabajo para atender algún asunto personal'),
(48, 'Los cambios en mi trabajo han sido beneficiosos'),
(49, 'Me explican claramente los cambios que ocurren en mi trabajo'),
(50, 'Puedo dar sugerencias sobre los cambios que ocurren en mi trabajo'),
(51, 'Cuando se presentan cambios en mi trabajo se tienen en cuenta mis ideas y sugerencias'),
(52, 'Los cambios que se presentan en mi trabajo dificultan mi labor'),
(53, 'Me informan con claridad cuáles son mis funciones'),
(54, 'Me informan cuáles son las decisiones que puedo tomar en mi trabajo'),
(55, 'Me explican claramente los resultados que debo lograr en mi trabajo'),
(56, 'Me explican claramente el efecto de mi trabajo en la empresa'),
(57, 'Me explican claramente los objetivos de mi trabajo'),
(58, 'Me informan claramente quien me puede orientar para hacer mi trabajo'),
(59, 'Me informan claramente con quien puedo resolver los asuntos de trabajo'),
(60, 'La empresa me permite asistir a capacitaciones relacionadas con mi trabajo'),
(61, 'Recibo capacitación útil para hacer mi trabajo'),
(62, 'Recibo capacitación que me ayuda a hacer mejor mi trabajo'),
(63, 'Mi jefe me da instrucciones claras'),
(64, 'Mi jefe ayuda a organizar mejor el trabajo'),
(65, 'Mi jefe tiene en cuenta mis puntos de vista y opiniones'),
(66, 'Mi jefe me anima para hacer mejor mi trabajo'),
(67, 'Mi jefe distribuye las tareas de forma que me facilita el trabajo'),
(68, 'Mi jefe me comunica a tiempo la información relacionada con el trabajo'),
(69, 'La orientación que me da mi jefe me ayuda a hacer mejor el trabajo'),
(70, 'Mi jefe me ayuda a progresar en el trabajo'),
(71, 'Mi jefe me ayuda a sentirme bien en el trabajo'),
(72, 'Mi jefe ayuda a solucionar los problemas que se presentan en el trabajo'),
(73, 'Siento que puedo confiar en mi jefe'),
(74, 'Mi jefe me escucha cuando tengo problemas de trabajo'),
(75, 'Mi jefe me brinda su apoyo cuando lo necesito'),
(76, 'Me agrada el ambiente de mi grupo de trabajo'),
(77, 'En mi grupo de trabajo me tratan de forma respetuosa'),
(78, 'Siento que puedo confiar en mis compañeros de trabajo'),
(79, 'Me siento a gusto con mis compañeros de trabajo'),
(80, 'En mi grupo de trabajo algunas personas me maltratan'),
(81, 'Entre compañeros solucionamos los problemas de forma respetuosa'),
(82, 'Hay integración en mi grupo de trabajo'),
(83, 'Mi grupo de trabajo es muy unido'),
(84, 'Las personas en mi trabajo me hacen sentir parte del grupo'),
(85, 'Cuando tenemos que realizar trabajo de grupo los compañeros colaboran'),
(86, 'Es fácil poner de acuerdo al grupo para hacer el trabajo'),
(87, 'Mis compañeros de trabajo me ayudan cuando tengo dificultades'),
(88, 'En mi trabajo las personas nos apoyamos unos a otros'),
(89, 'Algunos compañeros de trabajo me escuchan cuando tengo problemas'),
(90, 'Me informan sobre lo que hago bien en mi trabajo'),
(91, 'Me informan sobre lo que debo mejorar en mi trabajo'),
(92, 'La información que recibo sobre mi rendimiento en el trabajo es clara'),
(93, 'La forma como evalúan mi trabajo en la empresa me ayuda a mejorar'),
(94, 'Me informan a tiempo sobre lo que debo mejorar en el trabajo'),
(95, 'En la empresa confían en mi trabajo'),
(96, 'En la empresa me pagan a tiempo mi salario'),
(97, 'El pago que recibo es el que me ofreció la empresa'),
(98, 'El pago que recibo es el que merezco por el trabajo que realizo'),
(99, 'En mi trabajo tengo posibilidades de progresar'),
(100, 'Las personas que hacen bien el trabajo pueden progresar en la empresa'),
(101, 'La empresa se preocupa por el bienestar de los trabajadores'),
(102, 'Mi trabajo en la empresa es estable'),
(103, 'El trabajo que hago me hace sentir bien'),
(104, 'Siento orgullo de trabajar en esta empresa'),
(105, 'Hablo bien de la empresa con otras personas'),
(106, 'Atiendo clientes o usuarios muy enojados'),
(107, 'Atiendo clientes o usuarios muy preocupados'),
(108, 'Atiendo clientes o usuarios muy tristes'),
(109, 'Mi trabajo me exige atender personas muy enfermas'),
(110, 'Mi trabajo me exige atender personas muy necesitadas de ayuda'),
(111, 'Atiendo clientes o usuarios que me maltratan'),
(112, 'Para hacer mi trabajo debo demostrar sentimientos distintos a los míos'),
(113, 'Mi trabajo me exige atender situaciones de violencia'),
(114, 'Mi trabajo me exige atender situaciones muy tristes o dolorosas'),
(115, 'Tengo colaboradores que comunican tarde los asuntos de trabajo'),
(116, 'Tengo colaboradores que tienen comportamientos irrespetuosos'),
(117, 'Tengo colaboradores que dificultan la organización del trabajo'),
(118, 'Tengo colaboradores que guardan silencio cuando les piden opiniones'),
(119, 'Tengo colaboradores que dificultan el logro de los resultados del trabajo'),
(120, 'Tengo colaboradores que expresan de forma irrespetuosa sus desacuerdos'),
(121, 'Tengo colaboradores que cooperan poco cuando se necesita'),
(122, 'Tengo colaboradores que me preocupan por su desempeño'),
(123, 'Tengo colaboradores que ignoran las sugerencias para mejorar su trabajo'),
(124, 'El ruido en el lugar donde trabajo es molesto'),
(125, 'En el lugar donde trabajo hace mucho frío'),
(126, 'En el lugar donde trabajo hace mucho calor'),
(127, 'El aire en el lugar donde trabajo es fresco y agradable'),
(128, 'La luz del sitio donde trabajo es agradable'),
(129, 'El espacio donde trabajo es cómodo'),
(130, 'En mi trabajo me preocupa estar expuesto a sustancias químicas que afecten mi salud'),
(131, 'Mi trabajo me exige hacer mucho esfuerzo físico'),
(132, 'Los equipos o herramientas con los que trabajo son cómodos'),
(133, 'En mi trabajo me preocupa estar expuesto a microbios, animales o plantas que afecten mi salud'),
(134, 'Me preocupa accidentarme en mi trabajo'),
(135, 'El lugar donde trabajo es limpio y ordenado'),
(136, 'Por la cantidad de trabajo que tengo debo quedarme tiempo adicional'),
(137, 'Me alcanza el tiempo de trabajo para tener al día mis deberes'),
(138, 'Por la cantidad de trabajo que tengo debo trabajar sin parar'),
(139, 'Mi trabajo me exige hacer mucho esfuerzo mental'),
(140, 'Mi trabajo me exige estar muy concentrado'),
(141, 'Mi trabajo me exige memorizar mucha información'),
(142, 'En mi trabajo tengo que hacer cálculos matemáticos'),
(143, 'Mi trabajo requiere que me fije en pequeños detalles'),
(144, 'Trabajo en horario de noche'),
(145, 'En mi trabajo es posible tomar pausas para descansar'),
(146, 'Mi trabajo me exige laborar en días de descanso, festivos o fines de semana'),
(147, 'En mi trabajo puedo tomar fines de semana o días de descanso al mes'),
(148, 'Cuando estoy en casa sigo pensando en el trabajo'),
(149, 'Discuto con mi familia o amigos por causa de mi trabajo'),
(150, 'Debo atender asuntos de trabajo cuando estoy en casa'),
(151, 'Por mi trabajo el tiempo que paso con mi familia y amigos es muy poco'),
(152, 'En mi trabajo puedo hacer cosas nuevas'),
(153, 'Mi trabajo me permite desarrollar mis habilidades'),
(154, 'Mi trabajo me permite aplicar mis conocimientos'),
(155, 'Mi trabajo me permite aprender nuevas cosas'),
(156, 'Puedo tomar pausas cuando las necesito'),
(157, 'Puedo decidir cuánto trabajo hago en el día'),
(158, 'Puedo decidir la velocidad a la que trabajo'),
(159, 'Puedo cambiar el orden de las actividades en mi trabajo'),
(160, 'Puedo parar un momento mi trabajo para atender algún asunto personal'),
(161, 'Me explican claramente los cambios que ocurren en mi trabajo'),
(162, 'Puedo dar sugerencias sobre los cambios que ocurren en mi trabajo'),
(163, 'Cuando se presentan cambios en mi trabajo se tienen en cuenta mis ideas y sugerencias'),
(164, 'Me informan con claridad cuáles son mis funciones'),
(165, 'Me informan cuáles son las decisiones que puedo tomar en mi trabajo'),
(166, 'Me explican claramente los resultados que debo lograr en mi trabajo'),
(167, 'Me explican claramente los objetivos de mi trabajo'),
(168, 'Me informan claramente con quien puedo resolver los asuntos de trabajo'),
(169, 'La empresa me permite asistir a capacitaciones relacionadas con mi trabajo'),
(170, 'Recibo capacitación útil para hacer mi trabajo'),
(171, 'Recibo capacitación que me ayuda a hacer mejor mi trabajo'),
(172, 'Mi jefe ayuda a organizar mejor el trabajo'),
(173, 'Mi jefe tiene en cuenta mis puntos de vista y opiniones'),
(174, 'Mi jefe me anima para hacer mejor mi trabajo'),
(175, 'Mi jefe distribuye las tareas de forma que me facilita el trabajo'),
(176, 'Mi jefe me comunica a tiempo la información relacionada con el trabajo'),
(177, 'La orientación que me da mi jefe me ayuda a hacer mejor el trabajo'),
(178, 'Mi jefe me ayuda a progresar en el trabajo'),
(179, 'Mi jefe me ayuda a sentirme bien en el trabajo'),
(180, 'Mi jefe ayuda a solucionar los problemas que se presentan en el trabajo'),
(181, 'Mi jefe me trata con respeto'),
(182, 'Siento que puedo confiar en mi jefe'),
(183, 'Mi jefe me escucha cuando tengo problemas de trabajo'),
(184, 'Mi jefe me brinda su apoyo cuando lo necesito'),
(185, 'Me agrada el ambiente de mi grupo de trabajo'),
(186, 'En mi grupo de trabajo me tratan de forma respetuosa'),
(187, 'Siento que puedo confiar en mis compañeros de trabajo'),
(188, 'Me siento a gusto con mis compañeros de trabajo'),
(189, 'En mi grupo de trabajo algunas personas me maltratan'),
(190, 'Entre compañeros solucionamos los problemas de forma respetuosa'),
(191, 'Mi grupo de trabajo es muy unido'),
(192, 'Cuando tenemos que realizar trabajo de grupo los compañeros colaboran'),
(193, 'Es fácil poner de acuerdo al grupo para hacer el trabajo'),
(194, 'Mis compañeros de trabajo me ayudan cuando tengo dificultades'),
(195, 'En mi trabajo las personas nos apoyamos unos a otros'),
(196, 'Algunos compañeros de trabajo me escuchan cuando tengo problemas'),
(197, 'Me informan sobre lo que hago bien en mi trabajo'),
(198, 'Me informan sobre lo que debo mejorar en mi trabajo'),
(199, 'La información que recibo sobre mi rendimiento en el trabajo es clara'),
(200, 'La forma como evalúan mi trabajo en la empresa me ayuda a mejorar'),
(201, 'Me informan a tiempo sobre lo que debo mejorar en el trabajo'),
(202, 'En la empresa me pagan a tiempo mi salario'),
(203, 'El pago que recibo es el que me ofreció la empresa'),
(204, 'El pago que recibo es el que merezco por el trabajo que realizo'),
(205, 'En mi trabajo tengo posibilidades de progresar'),
(206, 'Las personas que hacen bien el trabajo pueden progresar en la empresa'),
(207, 'La empresa se preocupa por el bienestar de los trabajadores'),
(208, 'Mi trabajo en la empresa es estable'),
(209, 'El trabajo que hago me hace sentir bien'),
(210, 'Siento orgullo de trabajar en esta empresa'),
(211, 'Hablo bien de la empresa con otras personas'),
(212, 'Atiendo clientes o usuarios muy enojados'),
(213, 'Atiendo clientes o usuarios muy preocupados'),
(214, 'Atiendo clientes o usuarios muy tristes'),
(215, 'Mi trabajo me exige atender personas muy enfermas'),
(216, 'Mi trabajo me exige atender personas muy necesitadas de ayuda'),
(217, 'Atiendo clientes o usuarios que me maltratan'),
(218, 'Mi trabajo me exige atender situaciones de violencia'),
(219, 'Mi trabajo me exige atender situaciones muy tristes o dolorosas'),
(220, 'Puedo expresar tristeza o enojo frente a las personas que atiendo'),
(221, 'Es fácil trasportarme entre mi casa y el trabajo'),
(222, 'Tengo que tomar varios medios de transporte para llegar a mi lugar de trabajo'),
(223, 'Paso mucho tiempo viajando de ida y regreso al trabajo'),
(224, 'Me trasporto cómodamente entre mi casa y el trabajo'),
(225, 'La zona donde vivo es segura'),
(226, 'En la zona donde vivo se presentan hurtos y mucha delincuencia'),
(227, 'Desde donde vivo me es fácil llegar al centro médico donde me atienden'),
(228, 'Cerca a mi vivienda las vías están en buenas condiciones'),
(229, 'Cerca a mi vivienda encuentro fácilmente transporte'),
(230, 'Las condiciones de mi vivienda son buenas'),
(231, 'En mi vivienda hay servicios de agua y luz'),
(232, 'Las condiciones de mi vivienda me permiten descansar cuando lo requiero'),
(233, 'Las condiciones de mi vivienda me permiten sentirme cómodo'),
(234, 'Me queda tiempo para actividades de recreación'),
(235, 'Fuera del trabajo tengo tiempo suficiente para descansar'),
(236, 'Tengo tiempo para atender mis asuntos personales y del hogar'),
(237, 'Tengo tiempo para compartir con mi familia o amigos'),
(238, 'Tengo buena comunicación con las personas cercanas'),
(239, 'Las relaciones con mis amigos son buenas'),
(240, 'Converso con personas cercanas sobre diferentes temas'),
(241, 'Mis amigos están dispuestos a escucharme cuando tengo problemas'),
(242, 'Cuento con el apoyo de mi familia cuando tengo problemas'),
(243, 'Puedo hablar con personas cercanas sobre las cosas que me pasan'),
(244, 'Mis problemas personales o familiares afectan mi trabajo'),
(245, 'La relación con mi familia cercana es cordial'),
(246, 'Mis problemas personales o familiares me quitan la energía que necesito para trabajar'),
(247, 'Los problemas con mis familiares los resolvemos de manera amistosa'),
(248, 'Mis problemas personales o familiares afectan mis relaciones en el trabajo'),
(249, 'El dinero que ganamos en el hogar alcanza para cubrir los gastos básicos'),
(250, 'Tengo otros compromisos económicos que afectan mucho el presupuesto familiar'),
(251, 'En mi hogar tenemos deudas difíciles de pagar'),
(252, '1. Dolores en el cuello y espalda o tensión muscular.'),
(253, '2. Problemas gastrointestinales, úlcera péptica, acidez, problemas digestivos o del colon.'),
(254, '3. Problemas respiratorios.'),
(255, '4. Dolor de cabeza.'),
(256, '5. Trastornos del sueño como somnolencia durante el día o desvelo en la noche.'),
(257, '6. Palpitaciones en el pecho o problemas cardíacos.'),
(258, '7. Cambios fuertes del apetito.'),
(259, '8. Problemas relacionados con la función de los órganos genitales (impotencia, frigidez).'),
(260, '9. Dificultad en las relaciones familiares.'),
(261, '10. Dificultad para permanecer quieto o dificultad para iniciar actividades.'),
(262, '11. Dificultad en las relaciones con otras personas .'),
(263, '12. Sensación de aislamiento y desinterés.'),
(264, '13. Sentimiento de sobrecarga de trabajo.'),
(265, '14. Dificultad para concentrarse, olvidos frecuentes.'),
(266, '15. Aumento en el número de accidentes de trabajo .'),
(267, '16. Sentimiento de frustración, de no haber hecho lo que se quería en la vida.'),
(268, '17. Cansancio, tedio o desgano.'),
(269, '18. Disminución del rendimiento en el trabajo o poca creatividad .'),
(270, '19. Deseo de no asistir al trabajo.'),
(271, '20. Bajo compromiso o poco interés con lo que se hace.'),
(272, '21. Dificultad para tomar decisiones.'),
(273, '22. Deseo de cambiar de empleo.'),
(274, '23. Sentimiento de soledad y miedo.'),
(275, '24. Sentimiento de irritabilidad, actitudes y pensamientos negativos.'),
(276, '25. Sentimiento de angustia, preocupación o tristeza.'),
(277, '26. Consumo de drogas para aliviar la tensión o los nervios.'),
(278, '27. Sentimientos de que \"no vale nada\", o \" no sirve para nada\" .'),
(279, '28. Consumo de bebidas alcohólicas o café o cigarrillo .'),
(280, '29. Sentimiento de que está perdiendo la razón.'),
(281, '30. Comportamientos rígidos, obstinación o terquedad.'),
(282, '31. Sensación de no poder manejar los problemas de la vida.');

-- --------------------------------------------------------

--
-- Estructura de tabla para la tabla `rangos`
--

CREATE TABLE `rangos` (
  `id` int(11) NOT NULL,
  `rango` varchar(6) NOT NULL,
  `item_id` int(11) NOT NULL,
  `cuestionario_id` int(11) NOT NULL
) ENGINE=InnoDB DEFAULT CHARSET=utf8 COLLATE=utf8_general_ci;

--
-- Volcado de datos para la tabla `rangos`
--

INSERT INTO `rangos` (`id`, `rango`, `item_id`, `cuestionario_id`) VALUES
(1, '4-0', 1, 1),
(2, '4-0', 2, 1),
(3, '4-0', 3, 1),
(4, '0-4', 4, 1),
(5, '0-4', 5, 1),
(6, '0-4', 6, 1),
(7, '4-0', 7, 1),
(8, '4-0', 8, 1),
(9, '0-4', 9, 1),
(10, '4-0', 10, 1),
(11, '4-0', 11, 1),
(12, '0-4', 12, 1),
(13, '4-0', 13, 1),
(14, '0-4', 14, 1),
(15, '4-0', 15, 1),
(16, '4-0', 16, 1),
(17, '4-0', 17, 1),
(18, '4-0', 18, 1),
(19, '4-0', 19, 1),
(20, '4-0', 20, 1),
(21, '4-0', 21, 1),
(22, '4-0', 22, 1),
(23, '4-0', 23, 1),
(24, '4-0', 24, 1),
(25, '4-0', 25, 1),
(26, '4-0', 26, 1),
(27, '4-0', 27, 1),
(28, '4-0', 28, 1),
(29, '4-0', 29, 1),
(30, '4-0', 30, 1),
(31, '4-0', 31, 1),
(32, '0-4', 32, 1),
(33, '4-0', 33, 1),
(34, '0-4', 34, 1),
(35, '4-0', 35, 1),
(36, '4-0', 36, 1),
(37, '4-0', 37, 1),
(38, '4-0', 38, 1),
(39, '0-4', 39, 1),
(40, '0-4', 40, 1),
(41, '0-4', 41, 1),
(42, '0-4', 42, 1),
(43, '0-4', 43, 1),
(44, '0-4', 44, 1),
(45, '0-4', 45, 1),
(46, '0-4', 46, 1),
(47, '0-4', 47, 1),
(48, '0-4', 48, 1),
(49, '0-4', 49, 1),
(50, '0-4', 50, 1),
(51, '0-4', 51, 1),
(52, '4-0', 52, 1),
(53, '0-4', 53, 1),
(54, '0-4', 54, 1),
(55, '0-4', 55, 1),
(56, '0-4', 56, 1),
(57, '0-4', 57, 1),
(58, '0-4', 58, 1),
(59, '0-4', 59, 1),
(60, '0-4', 60, 1),
(61, '0-4', 61, 1),
(62, '0-4', 62, 1),
(63, '0-4', 63, 1),
(64, '0-4', 64, 1),
(65, '0-4', 65, 1),
(66, '0-4', 66, 1),
(67, '0-4', 67, 1),
(68, '0-4', 68, 1),
(69, '0-4', 69, 1),
(70, '0-4', 70, 1),
(71, '0-4', 71, 1),
(72, '0-4', 72, 1),
(73, '0-4', 73, 1),
(74, '0-4', 74, 1),
(75, '0-4', 75, 1),
(76, '0-4', 76, 1),
(77, '0-4', 77, 1),
(78, '0-4', 78, 1),
(79, '0-4', 79, 1),
(80, '4-0', 80, 1),
(81, '0-4', 81, 1),
(82, '0-4', 82, 1),
(83, '0-4', 83, 1),
(84, '0-4', 84, 1),
(85, '0-4', 85, 1),
(86, '0-4', 86, 1),
(87, '0-4', 87, 1),
(88, '0-4', 88, 1),
(89, '0-4', 89, 1),
(90, '0-4', 90, 1),
(91, '0-4', 91, 1),
(92, '0-4', 92, 1),
(93, '0-4', 93, 1),
(94, '0-4', 94, 1),
(95, '0-4', 95, 1),
(96, '0-4', 96, 1),
(97, '0-4', 97, 1),
(98, '0-4', 98, 1),
(99, '0-4', 99, 1),
(100, '0-4', 100, 1),
(101, '0-4', 101, 1),
(102, '0-4', 102, 1),
(103, '0-4', 103, 1),
(104, '0-4', 104, 1),
(105, '0-4', 105, 1),
(106, '4-0', 106, 1),
(107, '4-0', 107, 1),
(108, '4-0', 108, 1),
(109, '4-0', 109, 1),
(110, '4-0', 110, 1),
(111, '4-0', 111, 1),
(112, '4-0', 112, 1),
(113, '4-0', 113, 1),
(114, '4-0', 114, 1),
(115, '4-0', 115, 1),
(116, '4-0', 116, 1),
(117, '4-0', 117, 1),
(118, '4-0', 118, 1),
(119, '4-0', 119, 1),
(120, '4-0', 120, 1),
(121, '4-0', 121, 1),
(122, '4-0', 122, 1),
(123, '4-0', 123, 1),
(124, '0-4', 127, 2),
(125, '0-4', 128, 2),
(126, '0-4', 129, 2),
(127, '0-4', 132, 2),
(128, '0-4', 135, 2),
(129, '0-4', 137, 2),
(130, '0-4', 145, 2),
(131, '0-4', 147, 2),
(132, '0-4', 152, 2),
(133, '0-4', 153, 2),
(134, '0-4', 154, 2),
(135, '0-4', 155, 2),
(136, '0-4', 156, 2),
(137, '0-4', 157, 2),
(138, '0-4', 158, 2),
(139, '0-4', 159, 2),
(140, '0-4', 160, 2),
(141, '0-4', 161, 2),
(142, '0-4', 162, 2),
(143, '0-4', 163, 2),
(144, '0-4', 164, 2),
(145, '0-4', 165, 2),
(146, '0-4', 166, 2),
(147, '0-4', 167, 2),
(148, '0-4', 168, 2),
(149, '0-4', 169, 2),
(150, '0-4', 170, 2),
(151, '0-4', 171, 2),
(152, '0-4', 172, 2),
(153, '0-4', 173, 2),
(154, '0-4', 174, 2),
(155, '0-4', 175, 2),
(156, '0-4', 176, 2),
(157, '0-4', 177, 2),
(158, '0-4', 178, 2),
(159, '0-4', 179, 2),
(160, '0-4', 180, 2),
(161, '0-4', 181, 2),
(162, '0-4', 182, 2),
(163, '0-4', 183, 2),
(164, '0-4', 184, 2),
(165, '0-4', 185, 2),
(166, '0-4', 186, 2),
(167, '0-4', 187, 2),
(168, '0-4', 188, 2),
(169, '0-4', 190, 2),
(170, '0-4', 191, 2),
(171, '0-4', 192, 2),
(172, '0-4', 193, 2),
(173, '0-4', 194, 2),
(174, '0-4', 195, 2),
(175, '0-4', 196, 2),
(176, '0-4', 197, 2),
(177, '0-4', 198, 2),
(178, '0-4', 199, 2),
(179, '0-4', 200, 2),
(180, '0-4', 201, 2),
(181, '0-4', 202, 2),
(182, '0-4', 203, 2),
(183, '0-4', 204, 2),
(184, '0-4', 205, 2),
(185, '0-4', 206, 2),
(186, '0-4', 207, 2),
(187, '0-4', 208, 2),
(188, '0-4', 209, 2),
(189, '0-4', 210, 2),
(190, '0-4', 211, 2),
(191, '0-4', 220, 2),
(192, '4-0', 124, 2),
(193, '4-0', 125, 2),
(194, '4-0', 126, 2),
(195, '4-0', 130, 2),
(196, '4-0', 131, 2),
(197, '4-0', 133, 2),
(198, '4-0', 134, 2),
(199, '4-0', 136, 2),
(200, '4-0', 138, 2),
(201, '4-0', 139, 2),
(202, '4-0', 140, 2),
(203, '4-0', 141, 2),
(204, '4-0', 142, 2),
(205, '4-0', 143, 2),
(206, '4-0', 144, 2),
(207, '4-0', 146, 2),
(208, '4-0', 148, 2),
(209, '4-0', 149, 2),
(210, '4-0', 150, 2),
(211, '4-0', 151, 2),
(212, '4-0', 189, 2),
(213, '4-0', 212, 2),
(214, '4-0', 213, 2),
(215, '4-0', 214, 2),
(216, '4-0', 215, 2),
(217, '4-0', 216, 2),
(218, '4-0', 217, 2),
(219, '4-0', 218, 2),
(220, '4-0', 219, 2),
(221, '0-4', 221, 3),
(222, '0-4', 224, 3),
(223, '0-4', 225, 3),
(224, '0-4', 227, 3),
(225, '0-4', 228, 3),
(226, '0-4', 229, 3),
(227, '0-4', 230, 3),
(228, '0-4', 231, 3),
(229, '0-4', 232, 3),
(230, '0-4', 233, 3),
(231, '0-4', 234, 3),
(232, '0-4', 235, 3),
(233, '0-4', 236, 3),
(234, '0-4', 237, 3),
(235, '0-4', 238, 3),
(236, '0-4', 239, 3),
(237, '0-4', 240, 3),
(238, '0-4', 241, 3),
(239, '0-4', 242, 3),
(240, '0-4', 243, 3),
(241, '0-4', 245, 3),
(242, '0-4', 247, 3),
(243, '0-4', 249, 3),
(244, '4-0', 222, 3),
(245, '4-0', 223, 3),
(246, '4-0', 226, 3),
(247, '4-0', 244, 3),
(248, '4-0', 246, 3),
(249, '4-0', 248, 3),
(250, '4-0', 250, 3),
(251, '4-0', 251, 3),
(252, '9-0', 252, 4),
(253, '9-0', 253, 4),
(254, '9-0', 254, 4),
(255, '9-0', 260, 4),
(256, '9-0', 264, 4),
(257, '9-0', 265, 4),
(258, '9-0', 266, 4),
(259, '9-0', 274, 4),
(260, '9-0', 275, 4),
(261, '6-0', 255, 4),
(262, '6-0', 256, 4),
(263, '6-0', 257, 4),
(264, '6-0', 261, 4),
(265, '6-0', 262, 4),
(266, '6-0', 267, 4),
(267, '6-0', 268, 4),
(268, '6-0', 269, 4),
(269, '6-0', 270, 4),
(270, '3-0', 258, 4),
(271, '3-0', 259, 4),
(272, '3-0', 263, 4),
(273, '3-0', 271, 4),
(274, '3-0', 272, 4),
(275, '3-0', 273, 4),
(276, '3-0', 280, 4),
(277, '3-0', 281, 4),
(278, '3-0', 282, 4),
(279, '6-0', 276, 4),
(280, '6-0', 277, 4),
(281, '6-0', 278, 4),
(282, '6-0', 279, 4);

-- --------------------------------------------------------

--
-- Estructura de tabla para la tabla `respuestas`
--

CREATE TABLE `respuestas` (
  `id` int(11) NOT NULL,
  `item_id` int(11) NOT NULL,
  `cuestionario_id` int(11) NOT NULL,
  `peso_item` int(11) NOT NULL,
  `datos_personales_id` int(11) NOT NULL
) ENGINE=InnoDB DEFAULT CHARSET=utf8 COLLATE=utf8_general_ci;

--
-- Volcado de datos para la tabla `respuestas`
--

INSERT INTO `respuestas` (`id`, `item_id`, `cuestionario_id`, `peso_item`, `datos_personales_id`) VALUES
(1, 124, 2, 2, 2),
(2, 125, 2, 2, 2),
(3, 126, 2, 2, 2),
(4, 127, 2, 1, 2),
(5, 128, 2, 1, 2),
(6, 129, 2, 1, 2),
(7, 130, 2, 2, 2),
(8, 131, 2, 3, 2),
(9, 132, 2, 1, 2),
(10, 133, 2, 2, 2),
(11, 134, 2, 3, 2),
(12, 135, 2, 1, 2),
(13, 136, 2, 2, 2),
(14, 137, 2, 1, 2),
(15, 138, 2, 1, 2),
(16, 139, 2, 2, 2),
(17, 140, 2, 4, 2),
(18, 141, 2, 3, 2),
(19, 142, 2, 2, 2),
(20, 143, 2, 4, 2),
(21, 144, 2, 0, 2),
(22, 145, 2, 1, 2),
(23, 146, 2, 1, 2),
(24, 147, 2, 2, 2),
(25, 148, 2, 1, 2),
(26, 149, 2, 0, 2),
(27, 150, 2, 1, 2),
(28, 151, 2, 3, 2),
(29, 152, 2, 2, 2),
(30, 153, 2, 2, 2),
(31, 154, 2, 2, 2),
(32, 155, 2, 3, 2),
(33, 156, 2, 2, 2),
(34, 157, 2, 3, 2),
(35, 158, 2, 1, 2),
(36, 159, 2, 2, 2),
(37, 160, 2, 3, 2),
(38, 161, 2, 2, 2),
(39, 162, 2, 1, 2),
(40, 163, 2, 1, 2),
(41, 164, 2, 1, 2),
(42, 165, 2, 0, 2),
(43, 166, 2, 2, 2),
(44, 167, 2, 2, 2),
(45, 168, 2, 1, 2),
(46, 169, 2, 0, 2),
(47, 170, 2, 0, 2),
(48, 171, 2, 0, 2),
(49, 172, 2, 1, 2),
(50, 173, 2, 2, 2),
(51, 174, 2, 2, 2),
(52, 175, 2, 2, 2),
(53, 176, 2, 2, 2),
(54, 177, 2, 1, 2),
(55, 178, 2, 2, 2),
(56, 179, 2, 1, 2),
(57, 180, 2, 1, 2),
(58, 181, 2, 1, 2),
(59, 182, 2, 2, 2),
(60, 183, 2, 1, 2),
(61, 184, 2, 1, 2),
(62, 185, 2, 0, 2),
(63, 186, 2, 0, 2),
(64, 187, 2, 0, 2),
(65, 188, 2, 0, 2),
(66, 189, 2, 0, 2),
(67, 190, 2, 0, 2),
(68, 191, 2, 0, 2),
(69, 192, 2, 1, 2),
(70, 193, 2, 0, 2),
(71, 194, 2, 0, 2),
(72, 195, 2, 0, 2),
(73, 196, 2, 1, 2),
(74, 197, 2, 2, 2),
(75, 198, 2, 2, 2),
(76, 199, 2, 2, 2),
(77, 200, 2, 1, 2),
(78, 201, 2, 2, 2),
(79, 202, 2, 0, 2),
(80, 203, 2, 0, 2),
(81, 204, 2, 1, 2),
(82, 205, 2, 1, 2),
(83, 206, 2, 1, 2),
(84, 207, 2, 0, 2),
(85, 208, 2, 0, 2),
(86, 209, 2, 1, 2),
(87, 210, 2, 0, 2),
(88, 211, 2, 0, 2),
(89, 212, 2, 2, 2),
(90, 213, 2, 3, 2),
(91, 214, 2, 1, 2),
(92, 215, 2, 1, 2),
(93, 216, 2, 1, 2),
(94, 217, 2, 1, 2),
(95, 218, 2, 1, 2),
(96, 219, 2, 1, 2),
(97, 220, 2, 3, 2),
(98, 221, 3, 1, 2),
(99, 222, 3, 1, 2),
(100, 223, 3, 2, 2),
(101, 224, 3, 1, 2),
(102, 225, 3, 0, 2),
(103, 226, 3, 2, 2),
(104, 227, 3, 1, 2),
(105, 228, 3, 2, 2),
(106, 229, 3, 2, 2),
(107, 230, 3, 0, 2),
(108, 231, 3, 0, 2),
(109, 232, 3, 0, 2),
(110, 233, 3, 0, 2),
(111, 234, 3, 2, 2),
(112, 235, 3, 2, 2),
(113, 236, 3, 2, 2),
(114, 237, 3, 2, 2),
(115, 238, 3, 1, 2),
(116, 239, 3, 0, 2),
(117, 240, 3, 0, 2),
(118, 241, 3, 0, 2),
(119, 242, 3, 2, 2),
(120, 243, 3, 1, 2),
(121, 244, 3, 1, 2),
(122, 245, 3, 0, 2),
(123, 246, 3, 1, 2),
(124, 247, 3, 2, 2),
(125, 248, 3, 1, 2),
(126, 249, 3, 2, 2),
(127, 250, 3, 2, 2),
(128, 251, 3, 1, 2),
(129, 252, 4, 6, 2),
(130, 253, 4, 0, 2),
(131, 254, 4, 3, 2),
(132, 255, 4, 2, 2),
(133, 256, 4, 2, 2),
(134, 257, 4, 0, 2),
(135, 258, 4, 2, 2),
(136, 259, 4, 0, 2),
(137, 260, 4, 0, 2),
(138, 261, 4, 2, 2),
(139, 262, 4, 0, 2),
(140, 263, 4, 1, 2),
(141, 264, 4, 3, 2),
(142, 265, 4, 0, 2),
(143, 266, 4, 0, 2),
(144, 267, 4, 4, 2),
(145, 268, 4, 2, 2),
(146, 269, 4, 2, 2),
(147, 270, 4, 0, 2),
(148, 271, 4, 0, 2),
(149, 272, 4, 0, 2),
(150, 273, 4, 0, 2),
(151, 274, 4, 3, 2),
(152, 275, 4, 3, 2),
(153, 276, 4, 2, 2),
(154, 277, 4, 0, 2),
(155, 278, 4, 2, 2),
(156, 279, 4, 2, 2),
(157, 280, 4, 1, 2),
(158, 281, 4, 0, 2),
(159, 282, 4, 2, 2),
(160, 221, 3, 0, 4),
(161, 222, 3, 0, 4),
(162, 223, 3, 3, 4),
(163, 224, 3, 1, 4),
(164, 225, 3, 0, 4),
(165, 226, 3, 1, 4),
(166, 227, 3, 0, 4),
(167, 228, 3, 0, 4),
(168, 229, 3, 0, 4),
(169, 230, 3, 0, 4),
(170, 231, 3, 0, 4),
(171, 232, 3, 0, 4),
(172, 233, 3, 0, 4),
(173, 234, 3, 2, 4),
(174, 235, 3, 2, 4),
(175, 236, 3, 2, 4),
(176, 237, 3, 2, 4),
(177, 238, 3, 0, 4),
(178, 239, 3, 0, 4),
(179, 240, 3, 0, 4),
(180, 241, 3, 0, 4),
(181, 242, 3, 0, 4),
(182, 243, 3, 0, 4),
(183, 244, 3, 2, 4),
(184, 245, 3, 0, 4),
(185, 246, 3, 2, 4),
(186, 247, 3, 0, 4),
(187, 248, 3, 0, 4),
(188, 249, 3, 1, 4),
(189, 250, 3, 2, 4),
(190, 251, 3, 2, 4),
(191, 252, 4, 3, 4),
(192, 253, 4, 0, 4),
(193, 254, 4, 0, 4),
(194, 255, 4, 4, 4),
(195, 256, 4, 0, 4),
(196, 257, 4, 0, 4),
(197, 258, 4, 1, 4),
(198, 259, 4, 0, 4),
(199, 260, 4, 3, 4),
(200, 261, 4, 0, 4),
(201, 262, 4, 2, 4),
(202, 263, 4, 0, 4),
(203, 264, 4, 3, 4),
(204, 265, 4, 3, 4),
(205, 266, 4, 0, 4),
(206, 267, 4, 2, 4),
(207, 268, 4, 2, 4),
(208, 269, 4, 2, 4),
(209, 270, 4, 0, 4),
(210, 271, 4, 0, 4),
(211, 272, 4, 0, 4),
(212, 273, 4, 0, 4),
(213, 274, 4, 0, 4),
(214, 275, 4, 0, 4),
(215, 276, 4, 2, 4),
(216, 277, 4, 0, 4),
(217, 278, 4, 0, 4),
(218, 279, 4, 0, 4),
(219, 280, 4, 0, 4),
(220, 281, 4, 0, 4),
(221, 282, 4, 0, 4),
(222, 1, 1, 1, 4),
(223, 2, 1, 2, 4),
(224, 3, 1, 1, 4),
(225, 4, 1, 1, 4),
(226, 5, 1, 0, 4),
(227, 6, 1, 0, 4),
(228, 7, 1, 1, 4),
(229, 8, 1, 2, 4),
(230, 9, 1, 0, 4),
(231, 10, 1, 1, 4),
(232, 11, 1, 4, 4),
(233, 12, 1, 0, 4),
(234, 13, 1, 2, 4),
(235, 14, 1, 1, 4),
(236, 15, 1, 1, 4),
(237, 16, 1, 2, 4),
(238, 17, 1, 4, 4),
(239, 18, 1, 3, 4),
(240, 19, 1, 2, 4),
(241, 20, 1, 2, 4),
(242, 21, 1, 2, 4),
(243, 22, 1, 4, 4),
(244, 23, 1, 0, 4),
(245, 24, 1, 3, 4),
(246, 25, 1, 4, 4),
(247, 26, 1, 4, 4),
(248, 27, 1, 2, 4),
(249, 28, 1, 1, 4),
(250, 29, 1, 2, 4),
(251, 30, 1, 2, 4),
(252, 31, 1, 0, 4),
(253, 32, 1, 0, 4),
(254, 33, 1, 0, 4),
(255, 34, 1, 1, 4),
(256, 35, 1, 2, 4),
(257, 36, 1, 1, 4),
(258, 37, 1, 2, 4),
(259, 38, 1, 2, 4),
(260, 39, 1, 0, 4),
(261, 40, 1, 0, 4),
(262, 41, 1, 0, 4),
(263, 42, 1, 0, 4),
(264, 43, 1, 0, 4),
(265, 44, 1, 0, 4),
(266, 45, 1, 0, 4),
(267, 46, 1, 2, 4),
(268, 47, 1, 2, 4),
(269, 48, 1, 1, 4),
(270, 49, 1, 0, 4),
(271, 50, 1, 0, 4),
(272, 51, 1, 0, 4),
(273, 52, 1, 0, 4),
(274, 53, 1, 0, 4),
(275, 54, 1, 0, 4),
(276, 55, 1, 0, 4),
(277, 56, 1, 0, 4),
(278, 57, 1, 0, 4),
(279, 58, 1, 0, 4),
(280, 59, 1, 0, 4),
(281, 60, 1, 1, 4),
(282, 61, 1, 1, 4),
(283, 62, 1, 1, 4),
(284, 63, 1, 0, 4),
(285, 64, 1, 0, 4),
(286, 65, 1, 0, 4),
(287, 66, 1, 0, 4),
(288, 67, 1, 0, 4),
(289, 68, 1, 0, 4),
(290, 69, 1, 0, 4),
(291, 70, 1, 0, 4),
(292, 71, 1, 0, 4),
(293, 72, 1, 0, 4),
(294, 73, 1, 0, 4),
(295, 74, 1, 0, 4),
(296, 75, 1, 0, 4),
(297, 76, 1, 1, 4),
(298, 77, 1, 1, 4),
(299, 78, 1, 2, 4),
(300, 79, 1, 1, 4),
(301, 80, 1, 0, 4),
(302, 81, 1, 1, 4),
(303, 82, 1, 2, 4),
(304, 83, 1, 0, 4),
(305, 84, 1, 1, 4),
(306, 85, 1, 0, 4),
(307, 86, 1, 1, 4),
(308, 87, 1, 1, 4),
(309, 88, 1, 1, 4),
(310, 89, 1, 1, 4),
(311, 90, 1, 0, 4),
(312, 91, 1, 0, 4),
(313, 92, 1, 0, 4),
(314, 93, 1, 0, 4),
(315, 94, 1, 0, 4),
(316, 95, 1, 0, 4),
(317, 96, 1, 0, 4),
(318, 97, 1, 0, 4),
(319, 98, 1, 1, 4),
(320, 99, 1, 1, 4),
(321, 100, 1, 0, 4),
(322, 101, 1, 0, 4),
(323, 102, 1, 0, 4),
(324, 103, 1, 0, 4),
(325, 104, 1, 0, 4),
(326, 105, 1, 0, 4),
(327, 106, 1, 2, 4),
(328, 107, 1, 1, 4),
(329, 108, 1, 0, 4),
(330, 109, 1, 0, 4),
(331, 110, 1, 0, 4),
(332, 111, 1, 1, 4),
(333, 112, 1, 0, 4),
(334, 113, 1, 0, 4),
(335, 114, 1, 0, 4),
(336, 115, 1, 2, 4),
(337, 116, 1, 1, 4),
(338, 117, 1, 0, 4),
(339, 118, 1, 0, 4),
(340, 119, 1, 0, 4),
(341, 120, 1, 0, 4),
(342, 121, 1, 1, 4),
(343, 122, 1, 2, 4),
(344, 123, 1, 1, 4),
(345, 252, 4, 3, 5),
(346, 253, 4, 9, 5),
(347, 254, 4, 0, 5),
(348, 255, 4, 2, 5),
(349, 256, 4, 2, 5),
(350, 257, 4, 0, 5),
(351, 258, 4, 3, 5),
(352, 259, 4, 0, 5),
(353, 260, 4, 3, 5),
(354, 261, 4, 2, 5),
(355, 262, 4, 2, 5),
(356, 263, 4, 3, 5),
(357, 264, 4, 0, 5),
(358, 265, 4, 3, 5),
(359, 266, 4, 0, 5),
(360, 267, 4, 6, 5),
(361, 268, 4, 2, 5),
(362, 269, 4, 0, 5),
(363, 270, 4, 2, 5),
(364, 271, 4, 1, 5),
(365, 272, 4, 3, 5),
(366, 273, 4, 0, 5),
(367, 274, 4, 6, 5),
(368, 275, 4, 9, 5),
(369, 276, 4, 6, 5),
(370, 277, 4, 0, 5),
(371, 278, 4, 6, 5),
(372, 279, 4, 0, 5),
(373, 280, 4, 2, 5),
(374, 281, 4, 1, 5),
(375, 282, 4, 3, 5),
(376, 124, 2, 0, 5),
(377, 125, 2, 2, 5),
(378, 126, 2, 1, 5),
(379, 127, 2, 1, 5),
(380, 128, 2, 1, 5),
(381, 129, 2, 0, 5),
(382, 130, 2, 1, 5),
(383, 131, 2, 1, 5),
(384, 132, 2, 1, 5),
(385, 133, 2, 0, 5),
(386, 134, 2, 2, 5),
(387, 135, 2, 2, 5),
(388, 136, 2, 0, 5),
(389, 137, 2, 1, 5),
(390, 138, 2, 0, 5),
(391, 139, 2, 1, 5),
(392, 140, 2, 3, 5),
(393, 141, 2, 3, 5),
(394, 142, 2, 2, 5),
(395, 143, 2, 3, 5),
(396, 144, 2, 0, 5),
(397, 145, 2, 1, 5),
(398, 146, 2, 0, 5),
(399, 147, 2, 1, 5),
(400, 148, 2, 2, 5),
(401, 149, 2, 1, 5),
(402, 150, 2, 0, 5),
(403, 151, 2, 0, 5),
(404, 152, 2, 3, 5),
(405, 153, 2, 2, 5),
(406, 154, 2, 2, 5),
(407, 155, 2, 1, 5),
(408, 156, 2, 1, 5),
(409, 157, 2, 4, 5),
(410, 158, 2, 1, 5),
(411, 159, 2, 2, 5),
(412, 160, 2, 2, 5),
(413, 161, 2, 2, 5),
(414, 162, 2, 0, 5),
(415, 163, 2, 0, 5),
(416, 164, 2, 1, 5),
(417, 165, 2, 1, 5),
(418, 166, 2, 0, 5),
(419, 167, 2, 0, 5),
(420, 168, 2, 0, 5),
(421, 169, 2, 0, 5),
(422, 170, 2, 0, 5),
(423, 171, 2, 0, 5),
(424, 172, 2, 1, 5),
(425, 173, 2, 1, 5),
(426, 174, 2, 1, 5),
(427, 175, 2, 0, 5),
(428, 176, 2, 1, 5),
(429, 177, 2, 2, 5),
(430, 178, 2, 1, 5),
(431, 179, 2, 2, 5),
(432, 180, 2, 1, 5),
(433, 181, 2, 0, 5),
(434, 182, 2, 2, 5),
(435, 183, 2, 1, 5),
(436, 184, 2, 0, 5),
(437, 185, 2, 2, 5),
(438, 186, 2, 1, 5),
(439, 187, 2, 2, 5),
(440, 188, 2, 2, 5),
(441, 189, 2, 0, 5),
(442, 190, 2, 0, 5),
(443, 191, 2, 1, 5),
(444, 192, 2, 0, 5),
(445, 193, 2, 0, 5),
(446, 194, 2, 1, 5),
(447, 195, 2, 1, 5),
(448, 196, 2, 1, 5),
(449, 197, 2, 2, 5),
(450, 198, 2, 0, 5),
(451, 199, 2, 1, 5),
(452, 200, 2, 1, 5),
(453, 201, 2, 1, 5),
(454, 202, 2, 0, 5),
(455, 203, 2, 0, 5),
(456, 204, 2, 0, 5),
(457, 205, 2, 2, 5),
(458, 206, 2, 2, 5),
(459, 207, 2, 0, 5),
(460, 208, 2, 0, 5),
(461, 209, 2, 1, 5),
(462, 210, 2, 2, 5),
(463, 211, 2, 2, 5),
(464, 212, 2, 1, 5),
(465, 213, 2, 1, 5),
(466, 214, 2, 1, 5),
(467, 215, 2, 0, 5),
(468, 216, 2, 0, 5),
(469, 217, 2, 0, 5),
(470, 218, 2, 0, 5),
(471, 219, 2, 0, 5),
(472, 220, 2, 2, 5),
(473, 221, 3, 2, 5),
(474, 222, 3, 2, 5),
(475, 223, 3, 3, 5),
(476, 224, 3, 4, 5),
(477, 225, 3, 2, 5),
(478, 226, 3, 1, 5),
(479, 227, 3, 3, 5),
(480, 228, 3, 3, 5),
(481, 229, 3, 1, 5),
(482, 230, 3, 0, 5),
(483, 231, 3, 0, 5),
(484, 232, 3, 0, 5),
(485, 233, 3, 0, 5),
(486, 234, 3, 1, 5),
(487, 235, 3, 2, 5),
(488, 236, 3, 1, 5),
(489, 237, 3, 2, 5),
(490, 238, 3, 1, 5),
(491, 239, 3, 2, 5),
(492, 240, 3, 3, 5),
(493, 241, 3, 2, 5),
(494, 242, 3, 2, 5),
(495, 243, 3, 3, 5),
(496, 244, 3, 2, 5),
(497, 245, 3, 2, 5),
(498, 246, 3, 2, 5),
(499, 247, 3, 2, 5),
(500, 248, 3, 2, 5),
(501, 249, 3, 0, 5),
(502, 250, 3, 0, 5),
(503, 251, 3, 0, 5),
(504, 1, 1, 2, 6),
(505, 2, 1, 1, 6),
(506, 3, 1, 3, 6),
(507, 4, 1, 1, 6),
(508, 5, 1, 1, 6),
(509, 6, 1, 1, 6),
(510, 7, 1, 0, 6),
(511, 8, 1, 3, 6),
(512, 9, 1, 1, 6),
(513, 10, 1, 0, 6),
(514, 11, 1, 1, 6),
(515, 12, 1, 2, 6),
(516, 13, 1, 2, 6),
(517, 14, 1, 3, 6),
(518, 15, 1, 2, 6),
(519, 16, 1, 2, 6),
(520, 17, 1, 4, 6),
(521, 18, 1, 4, 6),
(522, 19, 1, 2, 6),
(523, 20, 1, 4, 6),
(524, 21, 1, 4, 6),
(525, 22, 1, 4, 6),
(526, 23, 1, 1, 6),
(527, 24, 1, 0, 6),
(528, 25, 1, 4, 6),
(529, 26, 1, 2, 6),
(530, 27, 1, 2, 6),
(531, 28, 1, 0, 6),
(532, 29, 1, 0, 6),
(533, 30, 1, 2, 6),
(534, 31, 1, 1, 6),
(535, 32, 1, 2, 6),
(536, 33, 1, 0, 6),
(537, 34, 1, 3, 6),
(538, 35, 1, 2, 6),
(539, 36, 1, 1, 6),
(540, 37, 1, 1, 6),
(541, 38, 1, 0, 6),
(542, 39, 1, 0, 6),
(543, 40, 1, 0, 6),
(544, 41, 1, 0, 6),
(545, 42, 1, 0, 6),
(546, 43, 1, 2, 6),
(547, 44, 1, 2, 6),
(548, 45, 1, 0, 6),
(549, 46, 1, 0, 6),
(550, 47, 1, 0, 6),
(551, 48, 1, 0, 6),
(552, 49, 1, 0, 6),
(553, 50, 1, 0, 6),
(554, 51, 1, 0, 6),
(555, 52, 1, 1, 6),
(556, 53, 1, 0, 6),
(557, 54, 1, 0, 6),
(558, 55, 1, 0, 6),
(559, 56, 1, 0, 6),
(560, 57, 1, 0, 6),
(561, 58, 1, 0, 6),
(562, 59, 1, 0, 6),
(563, 60, 1, 0, 6),
(564, 61, 1, 0, 6),
(565, 62, 1, 0, 6),
(566, 63, 1, 0, 6),
(567, 64, 1, 0, 6),
(568, 65, 1, 0, 6),
(569, 66, 1, 2, 6),
(570, 67, 1, 1, 6),
(571, 68, 1, 1, 6),
(572, 69, 1, 0, 6),
(573, 70, 1, 0, 6),
(574, 71, 1, 0, 6),
(575, 72, 1, 0, 6),
(576, 73, 1, 0, 6),
(577, 74, 1, 0, 6),
(578, 75, 1, 0, 6),
(579, 76, 1, 1, 6),
(580, 77, 1, 0, 6),
(581, 78, 1, 0, 6),
(582, 79, 1, 1, 6),
(583, 80, 1, 0, 6),
(584, 81, 1, 0, 6),
(585, 82, 1, 0, 6),
(586, 83, 1, 1, 6),
(587, 84, 1, 0, 6),
(588, 85, 1, 0, 6),
(589, 86, 1, 0, 6),
(590, 87, 1, 0, 6),
(591, 88, 1, 1, 6),
(592, 89, 1, 0, 6),
(593, 90, 1, 1, 6),
(594, 91, 1, 0, 6),
(595, 92, 1, 1, 6),
(596, 93, 1, 0, 6),
(597, 94, 1, 0, 6),
(598, 95, 1, 0, 6),
(599, 96, 1, 0, 6),
(600, 97, 1, 0, 6),
(601, 98, 1, 3, 6),
(602, 99, 1, 0, 6),
(603, 100, 1, 0, 6),
(604, 101, 1, 0, 6),
(605, 102, 1, 0, 6),
(606, 103, 1, 1, 6),
(607, 104, 1, 0, 6),
(608, 105, 1, 0, 6),
(609, 106, 1, 2, 6),
(610, 107, 1, 3, 6),
(611, 108, 1, 0, 6),
(612, 109, 1, 0, 6),
(613, 110, 1, 0, 6),
(614, 111, 1, 0, 6),
(615, 112, 1, 0, 6),
(616, 113, 1, 0, 6),
(617, 114, 1, 0, 6),
(618, 221, 3, 1, 6),
(619, 222, 3, 1, 6),
(620, 223, 3, 2, 6),
(621, 224, 3, 1, 6),
(622, 225, 3, 1, 6),
(623, 226, 3, 2, 6),
(624, 227, 3, 3, 6),
(625, 228, 3, 2, 6),
(626, 229, 3, 1, 6),
(627, 230, 3, 0, 6),
(628, 231, 3, 0, 6),
(629, 232, 3, 0, 6),
(630, 233, 3, 0, 6),
(631, 234, 3, 0, 6),
(632, 235, 3, 1, 6),
(633, 236, 3, 0, 6),
(634, 237, 3, 0, 6),
(635, 238, 3, 0, 6),
(636, 239, 3, 0, 6),
(637, 240, 3, 0, 6),
(638, 241, 3, 0, 6),
(639, 242, 3, 0, 6),
(640, 243, 3, 0, 6),
(641, 244, 3, 0, 6),
(642, 245, 3, 0, 6),
(643, 246, 3, 0, 6),
(644, 247, 3, 0, 6),
(645, 248, 3, 0, 6),
(646, 249, 3, 0, 6),
(647, 250, 3, 2, 6),
(648, 251, 3, 0, 6),
(649, 252, 4, 3, 6),
(650, 253, 4, 3, 6),
(651, 254, 4, 0, 6),
(652, 255, 4, 2, 6),
(653, 256, 4, 2, 6),
(654, 257, 4, 0, 6),
(655, 258, 4, 0, 6),
(656, 259, 4, 0, 6),
(657, 260, 4, 0, 6),
(658, 261, 4, 0, 6),
(659, 262, 4, 0, 6),
(660, 263, 4, 0, 6),
(661, 264, 4, 6, 6),
(662, 265, 4, 3, 6),
(663, 266, 4, 0, 6),
(664, 267, 4, 0, 6),
(665, 268, 4, 2, 6),
(666, 269, 4, 2, 6),
(667, 270, 4, 2, 6),
(668, 271, 4, 0, 6),
(669, 272, 4, 1, 6),
(670, 273, 4, 0, 6),
(671, 274, 4, 0, 6),
(672, 275, 4, 0, 6),
(673, 276, 4, 2, 6),
(674, 277, 4, 0, 6),
(675, 278, 4, 0, 6),
(676, 279, 4, 0, 6),
(677, 280, 4, 0, 6),
(678, 281, 4, 0, 6),
(679, 282, 4, 0, 6),
(680, 1, 1, 4, 7),
(681, 2, 1, 4, 7),
(682, 3, 1, 4, 7),
(683, 4, 1, 0, 7),
(684, 5, 1, 0, 7),
(685, 6, 1, 0, 7),
(686, 7, 1, 4, 7),
(687, 8, 1, 4, 7),
(688, 9, 1, 0, 7),
(689, 10, 1, 4, 7),
(690, 11, 1, 4, 7),
(691, 12, 1, 0, 7),
(692, 13, 1, 4, 7),
(693, 14, 1, 0, 7),
(694, 15, 1, 4, 7),
(695, 16, 1, 4, 7),
(696, 17, 1, 4, 7),
(697, 18, 1, 4, 7),
(698, 19, 1, 4, 7),
(699, 20, 1, 4, 7),
(700, 21, 1, 4, 7),
(701, 22, 1, 4, 7),
(702, 23, 1, 4, 7),
(703, 24, 1, 4, 7),
(704, 25, 1, 4, 7),
(705, 26, 1, 4, 7),
(706, 27, 1, 4, 7),
(707, 28, 1, 4, 7),
(708, 29, 1, 4, 7),
(709, 30, 1, 4, 7),
(710, 31, 1, 4, 7),
(711, 32, 1, 0, 7),
(712, 33, 1, 4, 7),
(713, 34, 1, 0, 7),
(714, 35, 1, 4, 7),
(715, 36, 1, 4, 7),
(716, 37, 1, 4, 7),
(717, 38, 1, 4, 7),
(718, 39, 1, 0, 7),
(719, 40, 1, 0, 7),
(720, 41, 1, 0, 7),
(721, 42, 1, 0, 7),
(722, 43, 1, 0, 7),
(723, 44, 1, 0, 7),
(724, 45, 1, 0, 7),
(725, 46, 1, 0, 7),
(726, 47, 1, 0, 7),
(727, 48, 1, 0, 7),
(728, 49, 1, 0, 7),
(729, 50, 1, 0, 7),
(730, 51, 1, 0, 7),
(731, 52, 1, 4, 7),
(732, 53, 1, 0, 7),
(733, 54, 1, 0, 7),
(734, 55, 1, 0, 7),
(735, 56, 1, 0, 7),
(736, 57, 1, 0, 7),
(737, 58, 1, 0, 7),
(738, 59, 1, 0, 7),
(739, 60, 1, 0, 7),
(740, 61, 1, 0, 7),
(741, 62, 1, 0, 7),
(742, 63, 1, 0, 7),
(743, 64, 1, 0, 7),
(744, 65, 1, 0, 7),
(745, 66, 1, 0, 7),
(746, 67, 1, 0, 7),
(747, 68, 1, 0, 7),
(748, 69, 1, 0, 7),
(749, 70, 1, 0, 7),
(750, 71, 1, 0, 7),
(751, 72, 1, 0, 7),
(752, 73, 1, 0, 7),
(753, 74, 1, 0, 7),
(754, 75, 1, 0, 7),
(755, 76, 1, 0, 7),
(756, 77, 1, 0, 7),
(757, 78, 1, 0, 7),
(758, 79, 1, 0, 7),
(759, 80, 1, 4, 7),
(760, 81, 1, 0, 7),
(761, 82, 1, 0, 7),
(762, 83, 1, 0, 7),
(763, 84, 1, 0, 7),
(764, 85, 1, 0, 7),
(765, 86, 1, 0, 7),
(766, 87, 1, 0, 7),
(767, 88, 1, 0, 7),
(768, 89, 1, 0, 7),
(769, 90, 1, 0, 7),
(770, 91, 1, 0, 7),
(771, 92, 1, 0, 7),
(772, 93, 1, 0, 7),
(773, 94, 1, 0, 7),
(774, 95, 1, 0, 7),
(775, 96, 1, 0, 7),
(776, 97, 1, 0, 7),
(777, 98, 1, 0, 7),
(778, 99, 1, 0, 7),
(779, 100, 1, 0, 7),
(780, 101, 1, 0, 7),
(781, 102, 1, 0, 7),
(782, 103, 1, 0, 7),
(783, 104, 1, 0, 7),
(784, 105, 1, 0, 7),
(785, 1, 1, 2, 8),
(786, 2, 1, 1, 8),
(787, 3, 1, 3, 8),
(788, 4, 1, 1, 8),
(789, 5, 1, 1, 8),
(790, 6, 1, 1, 8),
(791, 7, 1, 0, 8),
(792, 8, 1, 3, 8),
(793, 9, 1, 1, 8),
(794, 10, 1, 0, 8),
(795, 11, 1, 1, 8),
(796, 12, 1, 2, 8),
(797, 13, 1, 2, 8),
(798, 14, 1, 3, 8),
(799, 15, 1, 2, 8),
(800, 16, 1, 2, 8),
(801, 17, 1, 4, 8),
(802, 18, 1, 4, 8),
(803, 19, 1, 2, 8),
(804, 20, 1, 4, 8),
(805, 21, 1, 4, 8),
(806, 22, 1, 4, 8),
(807, 23, 1, 1, 8),
(808, 24, 1, 0, 8),
(809, 25, 1, 4, 8),
(810, 26, 1, 2, 8),
(811, 27, 1, 2, 8),
(812, 28, 1, 0, 8),
(813, 29, 1, 0, 8),
(814, 30, 1, 2, 8),
(815, 31, 1, 1, 8),
(816, 32, 1, 2, 8),
(817, 33, 1, 0, 8),
(818, 34, 1, 3, 8),
(819, 35, 1, 2, 8),
(820, 36, 1, 1, 8),
(821, 37, 1, 1, 8),
(822, 38, 1, 0, 8),
(823, 39, 1, 0, 8),
(824, 40, 1, 0, 8),
(825, 41, 1, 0, 8),
(826, 42, 1, 0, 8),
(827, 43, 1, 2, 8),
(828, 44, 1, 2, 8),
(829, 45, 1, 0, 8),
(830, 46, 1, 0, 8),
(831, 47, 1, 0, 8),
(832, 48, 1, 0, 8),
(833, 49, 1, 0, 8),
(834, 50, 1, 0, 8),
(835, 51, 1, 0, 8),
(836, 52, 1, 1, 8),
(837, 53, 1, 0, 8),
(838, 54, 1, 0, 8),
(839, 55, 1, 0, 8),
(840, 56, 1, 0, 8),
(841, 57, 1, 0, 8),
(842, 58, 1, 0, 8),
(843, 59, 1, 0, 8),
(844, 60, 1, 0, 8),
(845, 61, 1, 0, 8),
(846, 62, 1, 0, 8),
(847, 63, 1, 0, 8),
(848, 64, 1, 0, 8),
(849, 65, 1, 0, 8),
(850, 66, 1, 2, 8),
(851, 67, 1, 1, 8),
(852, 68, 1, 1, 8),
(853, 69, 1, 0, 8),
(854, 70, 1, 0, 8),
(855, 71, 1, 0, 8),
(856, 72, 1, 0, 8),
(857, 73, 1, 0, 8),
(858, 74, 1, 0, 8),
(859, 75, 1, 0, 8),
(860, 76, 1, 1, 8),
(861, 77, 1, 0, 8),
(862, 78, 1, 0, 8),
(863, 79, 1, 1, 8),
(864, 80, 1, 0, 8),
(865, 81, 1, 0, 8),
(866, 82, 1, 0, 8),
(867, 83, 1, 1, 8),
(868, 84, 1, 0, 8),
(869, 85, 1, 0, 8),
(870, 86, 1, 0, 8),
(871, 87, 1, 0, 8),
(872, 88, 1, 1, 8),
(873, 89, 1, 0, 8),
(874, 90, 1, 1, 8),
(875, 91, 1, 0, 8),
(876, 92, 1, 1, 8),
(877, 93, 1, 0, 8),
(878, 94, 1, 0, 8),
(879, 95, 1, 0, 8),
(880, 96, 1, 0, 8),
(881, 97, 1, 0, 8),
(882, 98, 1, 3, 8),
(883, 99, 1, 0, 8),
(884, 100, 1, 0, 8),
(885, 101, 1, 0, 8),
(886, 102, 1, 0, 8),
(887, 103, 1, 1, 8),
(888, 104, 1, 0, 8),
(889, 105, 1, 0, 8),
(890, 106, 1, 2, 8),
(891, 107, 1, 3, 8),
(892, 108, 1, 0, 8),
(893, 109, 1, 0, 8),
(894, 110, 1, 0, 8),
(895, 111, 1, 0, 8),
(896, 112, 1, 0, 8),
(897, 113, 1, 0, 8),
(898, 114, 1, 0, 8),
(899, 115, 1, 0, 8),
(900, 116, 1, 0, 8),
(901, 117, 1, 0, 8),
(902, 118, 1, 0, 8),
(903, 119, 1, 0, 8),
(904, 120, 1, 0, 8),
(905, 121, 1, 0, 8),
(906, 122, 1, 0, 8),
(907, 123, 1, 0, 8),
(908, 221, 3, 1, 8),
(909, 222, 3, 1, 8),
(910, 223, 3, 2, 8),
(911, 224, 3, 1, 8),
(912, 225, 3, 1, 8),
(913, 226, 3, 2, 8),
(914, 227, 3, 3, 8),
(915, 228, 3, 2, 8),
(916, 229, 3, 1, 8),
(917, 230, 3, 0, 8),
(918, 231, 3, 0, 8),
(919, 232, 3, 0, 8),
(920, 233, 3, 0, 8),
(921, 234, 3, 0, 8),
(922, 235, 3, 1, 8),
(923, 236, 3, 0, 8),
(924, 237, 3, 0, 8),
(925, 238, 3, 0, 8),
(926, 239, 3, 0, 8),
(927, 240, 3, 0, 8),
(928, 241, 3, 0, 8),
(929, 242, 3, 0, 8),
(930, 243, 3, 0, 8),
(931, 244, 3, 0, 8),
(932, 245, 3, 0, 8),
(933, 246, 3, 0, 8),
(934, 247, 3, 0, 8),
(935, 248, 3, 0, 8),
(936, 249, 3, 0, 8),
(937, 250, 3, 2, 8),
(938, 251, 3, 0, 8),
(939, 252, 4, 3, 8),
(940, 253, 4, 3, 8),
(941, 254, 4, 0, 8),
(942, 255, 4, 2, 8),
(943, 256, 4, 2, 8),
(944, 257, 4, 0, 8),
(945, 258, 4, 0, 8),
(946, 259, 4, 0, 8),
(947, 260, 4, 0, 8),
(948, 261, 4, 0, 8),
(949, 262, 4, 0, 8),
(950, 263, 4, 0, 8),
(951, 264, 4, 6, 8),
(952, 265, 4, 3, 8),
(953, 266, 4, 0, 8),
(954, 267, 4, 0, 8),
(955, 268, 4, 2, 8),
(956, 269, 4, 2, 8),
(957, 270, 4, 2, 8),
(958, 271, 4, 0, 8),
(959, 272, 4, 1, 8),
(960, 273, 4, 0, 8),
(961, 274, 4, 0, 8),
(962, 275, 4, 0, 8),
(963, 276, 4, 2, 8),
(964, 277, 4, 0, 8),
(965, 278, 4, 0, 8),
(966, 279, 4, 0, 8),
(967, 280, 4, 0, 8),
(968, 281, 4, 0, 8),
(969, 282, 4, 0, 8),
(970, 124, 2, 2, 9),
(971, 125, 2, 2, 9),
(972, 126, 2, 1, 9),
(973, 127, 2, 2, 9),
(974, 128, 2, 0, 9),
(975, 129, 2, 1, 9),
(976, 130, 2, 4, 9),
(977, 131, 2, 3, 9),
(978, 132, 2, 0, 9),
(979, 133, 2, 2, 9),
(980, 134, 2, 4, 9),
(981, 135, 2, 0, 9),
(982, 136, 2, 0, 9),
(983, 137, 2, 0, 9),
(984, 138, 2, 1, 9),
(985, 139, 2, 1, 9),
(986, 140, 2, 4, 9),
(987, 141, 2, 2, 9),
(988, 142, 2, 2, 9),
(989, 143, 2, 4, 9),
(990, 144, 2, 0, 9),
(991, 145, 2, 0, 9),
(992, 146, 2, 0, 9),
(993, 147, 2, 0, 9),
(994, 148, 2, 0, 9),
(995, 149, 2, 0, 9),
(996, 150, 2, 0, 9),
(997, 151, 2, 2, 9),
(998, 152, 2, 2, 9),
(999, 153, 2, 2, 9),
(1000, 154, 2, 2, 9),
(1001, 155, 2, 3, 9),
(1002, 156, 2, 1, 9),
(1003, 157, 2, 3, 9),
(1004, 158, 2, 1, 9),
(1005, 159, 2, 0, 9),
(1006, 160, 2, 2, 9),
(1007, 161, 2, 0, 9),
(1008, 162, 2, 3, 9),
(1009, 163, 2, 2, 9),
(1010, 164, 2, 0, 9),
(1011, 165, 2, 1, 9),
(1012, 166, 2, 2, 9),
(1013, 167, 2, 1, 9),
(1014, 168, 2, 0, 9),
(1015, 169, 2, 0, 9),
(1016, 170, 2, 0, 9),
(1017, 171, 2, 1, 9),
(1018, 172, 2, 0, 9),
(1019, 173, 2, 2, 9),
(1020, 174, 2, 1, 9),
(1021, 175, 2, 1, 9),
(1022, 176, 2, 1, 9),
(1023, 177, 2, 1, 9),
(1024, 178, 2, 1, 9),
(1025, 179, 2, 1, 9),
(1026, 180, 2, 1, 9),
(1027, 181, 2, 0, 9),
(1028, 182, 2, 2, 9),
(1029, 183, 2, 2, 9),
(1030, 184, 2, 0, 9),
(1031, 185, 2, 1, 9),
(1032, 186, 2, 0, 9),
(1033, 187, 2, 2, 9),
(1034, 188, 2, 1, 9),
(1035, 189, 2, 1, 9),
(1036, 190, 2, 0, 9),
(1037, 191, 2, 2, 9),
(1038, 192, 2, 1, 9),
(1039, 193, 2, 2, 9),
(1040, 194, 2, 2, 9),
(1041, 195, 2, 2, 9),
(1042, 196, 2, 3, 9),
(1043, 197, 2, 2, 9),
(1044, 198, 2, 2, 9),
(1045, 199, 2, 2, 9),
(1046, 200, 2, 0, 9),
(1047, 201, 2, 1, 9),
(1048, 202, 2, 0, 9),
(1049, 203, 2, 0, 9),
(1050, 204, 2, 1, 9),
(1051, 205, 2, 2, 9),
(1052, 206, 2, 0, 9),
(1053, 207, 2, 0, 9),
(1054, 208, 2, 0, 9),
(1055, 209, 2, 0, 9),
(1056, 210, 2, 0, 9),
(1057, 211, 2, 0, 9),
(1058, 212, 2, 4, 9),
(1059, 213, 2, 4, 9),
(1060, 214, 2, 3, 9),
(1061, 215, 2, 4, 9),
(1062, 216, 2, 2, 9),
(1063, 217, 2, 2, 9),
(1064, 218, 2, 0, 9),
(1065, 219, 2, 0, 9),
(1066, 220, 2, 3, 9),
(1067, 221, 3, 0, 9),
(1068, 222, 3, 4, 9),
(1069, 223, 3, 2, 9),
(1070, 224, 3, 2, 9),
(1071, 225, 3, 1, 9),
(1072, 226, 3, 4, 9),
(1073, 227, 3, 1, 9),
(1074, 228, 3, 1, 9),
(1075, 229, 3, 0, 9),
(1076, 230, 3, 1, 9),
(1077, 231, 3, 0, 9),
(1078, 232, 3, 0, 9),
(1079, 233, 3, 2, 9),
(1080, 234, 3, 2, 9),
(1081, 235, 3, 1, 9),
(1082, 236, 3, 2, 9),
(1083, 237, 3, 2, 9),
(1084, 238, 3, 0, 9),
(1085, 239, 3, 0, 9),
(1086, 240, 3, 0, 9),
(1087, 241, 3, 0, 9),
(1088, 242, 3, 2, 9),
(1089, 243, 3, 0, 9),
(1090, 244, 3, 0, 9),
(1091, 245, 3, 0, 9),
(1092, 246, 3, 0, 9),
(1093, 247, 3, 2, 9),
(1094, 248, 3, 0, 9),
(1095, 249, 3, 3, 9),
(1096, 250, 3, 3, 9),
(1097, 251, 3, 2, 9),
(1098, 252, 4, 3, 9),
(1099, 253, 4, 3, 9),
(1100, 254, 4, 3, 9),
(1101, 255, 4, 2, 9),
(1102, 256, 4, 0, 9),
(1103, 257, 4, 0, 9),
(1104, 258, 4, 0, 9),
(1105, 259, 4, 0, 9),
(1106, 260, 4, 3, 9),
(1107, 261, 4, 0, 9),
(1108, 262, 4, 2, 9),
(1109, 263, 4, 1, 9),
(1110, 264, 4, 0, 9),
(1111, 265, 4, 0, 9),
(1112, 266, 4, 0, 9),
(1113, 267, 4, 2, 9),
(1114, 268, 4, 2, 9),
(1115, 269, 4, 0, 9),
(1116, 270, 4, 0, 9),
(1117, 271, 4, 0, 9),
(1118, 272, 4, 0, 9),
(1119, 273, 4, 1, 9),
(1120, 274, 4, 3, 9),
(1121, 275, 4, 0, 9),
(1122, 276, 4, 0, 9),
(1123, 277, 4, 0, 9),
(1124, 278, 4, 0, 9),
(1125, 279, 4, 0, 9),
(1126, 280, 4, 0, 9),
(1127, 281, 4, 0, 9),
(1128, 282, 4, 0, 9),
(1129, 1, 1, 1, 10),
(1130, 2, 1, 2, 10),
(1131, 3, 1, 0, 10),
(1132, 4, 1, 0, 10),
(1133, 5, 1, 1, 10),
(1134, 6, 1, 1, 10),
(1135, 7, 1, 0, 10),
(1136, 8, 1, 1, 10),
(1137, 9, 1, 0, 10),
(1138, 10, 1, 1, 10),
(1139, 11, 1, 2, 10),
(1140, 12, 1, 0, 10),
(1141, 13, 1, 1, 10),
(1142, 14, 1, 1, 10),
(1143, 15, 1, 2, 10),
(1144, 16, 1, 3, 10),
(1145, 17, 1, 2, 10),
(1146, 18, 1, 1, 10),
(1147, 19, 1, 1, 10),
(1148, 20, 1, 2, 10),
(1149, 21, 1, 4, 10),
(1150, 22, 1, 2, 10),
(1151, 23, 1, 2, 10),
(1152, 24, 1, 1, 10),
(1153, 25, 1, 2, 10),
(1154, 26, 1, 1, 10),
(1155, 27, 1, 0, 10),
(1156, 28, 1, 1, 10),
(1157, 29, 1, 1, 10),
(1158, 30, 1, 2, 10),
(1159, 31, 1, 0, 10),
(1160, 32, 1, 1, 10),
(1161, 33, 1, 0, 10),
(1162, 34, 1, 2, 10),
(1163, 35, 1, 2, 10),
(1164, 36, 1, 1, 10),
(1165, 37, 1, 2, 10),
(1166, 38, 1, 4, 10),
(1167, 39, 1, 0, 10),
(1168, 40, 1, 0, 10),
(1169, 41, 1, 0, 10),
(1170, 42, 1, 1, 10),
(1171, 43, 1, 0, 10),
(1172, 44, 1, 2, 10),
(1173, 45, 1, 2, 10),
(1174, 46, 1, 2, 10),
(1175, 47, 1, 2, 10),
(1176, 48, 1, 2, 10),
(1177, 49, 1, 0, 10),
(1178, 50, 1, 1, 10),
(1179, 51, 1, 2, 10),
(1180, 52, 1, 0, 10),
(1181, 53, 1, 0, 10),
(1182, 54, 1, 1, 10),
(1183, 55, 1, 0, 10),
(1184, 56, 1, 0, 10),
(1185, 57, 1, 0, 10),
(1186, 58, 1, 1, 10),
(1187, 59, 1, 1, 10),
(1188, 60, 1, 2, 10),
(1189, 61, 1, 3, 10),
(1190, 62, 1, 3, 10),
(1191, 63, 1, 1, 10),
(1192, 64, 1, 0, 10),
(1193, 65, 1, 0, 10),
(1194, 66, 1, 0, 10),
(1195, 67, 1, 1, 10),
(1196, 68, 1, 1, 10),
(1197, 69, 1, 0, 10),
(1198, 70, 1, 0, 10),
(1199, 71, 1, 0, 10),
(1200, 72, 1, 1, 10),
(1201, 73, 1, 0, 10),
(1202, 74, 1, 0, 10),
(1203, 75, 1, 0, 10),
(1204, 76, 1, 1, 10),
(1205, 77, 1, 0, 10),
(1206, 78, 1, 2, 10),
(1207, 79, 1, 2, 10),
(1208, 80, 1, 0, 10),
(1209, 81, 1, 1, 10),
(1210, 82, 1, 1, 10),
(1211, 83, 1, 2, 10),
(1212, 84, 1, 1, 10),
(1213, 85, 1, 0, 10),
(1214, 86, 1, 1, 10),
(1215, 87, 1, 1, 10),
(1216, 88, 1, 0, 10),
(1217, 89, 1, 0, 10),
(1218, 90, 1, 1, 10),
(1219, 91, 1, 2, 10),
(1220, 92, 1, 1, 10),
(1221, 93, 1, 0, 10),
(1222, 94, 1, 1, 10),
(1223, 95, 1, 0, 10),
(1224, 96, 1, 1, 10),
(1225, 97, 1, 0, 10),
(1226, 98, 1, 0, 10),
(1227, 99, 1, 2, 10),
(1228, 100, 1, 1, 10),
(1229, 101, 1, 0, 10),
(1230, 102, 1, 0, 10),
(1231, 103, 1, 2, 10),
(1232, 104, 1, 1, 10),
(1233, 105, 1, 0, 10),
(1234, 106, 1, 0, 10),
(1235, 107, 1, 0, 10),
(1236, 108, 1, 0, 10),
(1237, 109, 1, 0, 10),
(1238, 110, 1, 0, 10),
(1239, 111, 1, 0, 10),
(1240, 112, 1, 0, 10),
(1241, 113, 1, 0, 10),
(1242, 114, 1, 0, 10),
(1243, 115, 1, 0, 10),
(1244, 116, 1, 0, 10),
(1245, 117, 1, 0, 10),
(1246, 118, 1, 0, 10),
(1247, 119, 1, 0, 10),
(1248, 120, 1, 0, 10),
(1249, 121, 1, 0, 10),
(1250, 122, 1, 0, 10),
(1251, 123, 1, 0, 10),
(1252, 221, 3, 2, 10),
(1253, 222, 3, 3, 10),
(1254, 223, 3, 4, 10),
(1255, 224, 3, 2, 10),
(1256, 225, 3, 2, 10),
(1257, 226, 3, 2, 10),
(1258, 227, 3, 2, 10),
(1259, 228, 3, 1, 10),
(1260, 229, 3, 1, 10),
(1261, 230, 3, 0, 10),
(1262, 231, 3, 0, 10),
(1263, 232, 3, 0, 10),
(1264, 233, 3, 0, 10),
(1265, 234, 3, 2, 10),
(1266, 235, 3, 1, 10),
(1267, 236, 3, 1, 10),
(1268, 237, 3, 1, 10),
(1269, 238, 3, 1, 10),
(1270, 239, 3, 0, 10),
(1271, 240, 3, 0, 10),
(1272, 241, 3, 1, 10),
(1273, 242, 3, 1, 10),
(1274, 243, 3, 2, 10),
(1275, 244, 3, 1, 10),
(1276, 245, 3, 0, 10),
(1277, 246, 3, 2, 10),
(1278, 247, 3, 2, 10),
(1279, 248, 3, 1, 10),
(1280, 249, 3, 0, 10),
(1281, 250, 3, 1, 10),
(1282, 251, 3, 1, 10),
(1283, 252, 4, 3, 10),
(1284, 253, 4, 0, 10),
(1285, 254, 4, 0, 10),
(1286, 255, 4, 2, 10),
(1287, 256, 4, 2, 10),
(1288, 257, 4, 0, 10),
(1289, 258, 4, 1, 10),
(1290, 259, 4, 0, 10),
(1291, 260, 4, 3, 10),
(1292, 261, 4, 2, 10),
(1293, 262, 4, 2, 10),
(1294, 263, 4, 1, 10),
(1295, 264, 4, 0, 10),
(1296, 265, 4, 3, 10),
(1297, 266, 4, 0, 10),
(1298, 267, 4, 4, 10),
(1299, 268, 4, 2, 10),
(1300, 269, 4, 2, 10),
(1301, 270, 4, 2, 10),
(1302, 271, 4, 1, 10),
(1303, 272, 4, 1, 10),
(1304, 273, 4, 1, 10),
(1305, 274, 4, 3, 10),
(1306, 275, 4, 3, 10),
(1307, 276, 4, 2, 10),
(1308, 277, 4, 0, 10),
(1309, 278, 4, 4, 10),
(1310, 279, 4, 4, 10),
(1311, 280, 4, 1, 10),
(1312, 281, 4, 0, 10),
(1313, 282, 4, 2, 10),
(1314, 124, 2, 0, 11),
(1315, 125, 2, 3, 11),
(1316, 126, 2, 1, 11),
(1317, 127, 2, 0, 11),
(1318, 128, 2, 2, 11),
(1319, 129, 2, 0, 11),
(1320, 130, 2, 0, 11),
(1321, 131, 2, 0, 11),
(1322, 132, 2, 1, 11),
(1323, 133, 2, 0, 11),
(1324, 134, 2, 1, 11),
(1325, 135, 2, 0, 11),
(1326, 136, 2, 0, 11),
(1327, 137, 2, 1, 11),
(1328, 138, 2, 1, 11),
(1329, 139, 2, 3, 11),
(1330, 140, 2, 4, 11),
(1331, 141, 2, 2, 11),
(1332, 142, 2, 2, 11),
(1333, 143, 2, 4, 11),
(1334, 144, 2, 0, 11),
(1335, 145, 2, 1, 11),
(1336, 146, 2, 0, 11),
(1337, 147, 2, 0, 11),
(1338, 148, 2, 1, 11),
(1339, 149, 2, 0, 11),
(1340, 150, 2, 0, 11),
(1341, 151, 2, 0, 11),
(1342, 152, 2, 2, 11),
(1343, 153, 2, 0, 11),
(1344, 154, 2, 0, 11),
(1345, 155, 2, 0, 11),
(1346, 156, 2, 1, 11),
(1347, 157, 2, 0, 11),
(1348, 158, 2, 0, 11),
(1349, 159, 2, 0, 11),
(1350, 160, 2, 2, 11),
(1351, 161, 2, 0, 11),
(1352, 162, 2, 0, 11),
(1353, 163, 2, 1, 11),
(1354, 164, 2, 0, 11),
(1355, 165, 2, 0, 11),
(1356, 166, 2, 0, 11),
(1357, 167, 2, 0, 11),
(1358, 168, 2, 1, 11),
(1359, 169, 2, 0, 11),
(1360, 170, 2, 0, 11),
(1361, 171, 2, 0, 11),
(1362, 172, 2, 0, 11),
(1363, 173, 2, 0, 11),
(1364, 174, 2, 0, 11),
(1365, 175, 2, 0, 11),
(1366, 176, 2, 1, 11),
(1367, 177, 2, 0, 11),
(1368, 178, 2, 0, 11),
(1369, 179, 2, 0, 11),
(1370, 180, 2, 0, 11),
(1371, 181, 2, 0, 11),
(1372, 182, 2, 0, 11),
(1373, 183, 2, 0, 11),
(1374, 184, 2, 0, 11),
(1375, 185, 2, 0, 11),
(1376, 186, 2, 0, 11),
(1377, 187, 2, 0, 11),
(1378, 188, 2, 0, 11),
(1379, 189, 2, 0, 11),
(1380, 190, 2, 0, 11),
(1381, 191, 2, 0, 11),
(1382, 192, 2, 0, 11),
(1383, 193, 2, 2, 11),
(1384, 194, 2, 1, 11),
(1385, 195, 2, 0, 11),
(1386, 196, 2, 0, 11),
(1387, 197, 2, 0, 11),
(1388, 198, 2, 0, 11),
(1389, 199, 2, 0, 11),
(1390, 200, 2, 0, 11),
(1391, 201, 2, 1, 11),
(1392, 202, 2, 0, 11),
(1393, 203, 2, 0, 11),
(1394, 204, 2, 0, 11),
(1395, 205, 2, 0, 11),
(1396, 206, 2, 1, 11),
(1397, 207, 2, 0, 11),
(1398, 208, 2, 0, 11),
(1399, 209, 2, 0, 11),
(1400, 210, 2, 0, 11),
(1401, 211, 2, 0, 11),
(1402, 212, 2, 0, 11),
(1403, 213, 2, 0, 11),
(1404, 214, 2, 0, 11),
(1405, 215, 2, 0, 11),
(1406, 216, 2, 0, 11),
(1407, 217, 2, 0, 11),
(1408, 218, 2, 0, 11),
(1409, 219, 2, 0, 11),
(1410, 220, 2, 0, 11),
(1411, 221, 3, 0, 11),
(1412, 222, 3, 0, 11),
(1413, 223, 3, 4, 11),
(1414, 224, 3, 2, 11),
(1415, 225, 3, 1, 11),
(1416, 226, 3, 2, 11),
(1417, 227, 3, 0, 11),
(1418, 228, 3, 2, 11),
(1419, 229, 3, 0, 11),
(1420, 230, 3, 0, 11),
(1421, 231, 3, 0, 11),
(1422, 232, 3, 0, 11),
(1423, 233, 3, 0, 11),
(1424, 234, 3, 3, 11),
(1425, 235, 3, 1, 11),
(1426, 236, 3, 2, 11),
(1427, 237, 3, 1, 11),
(1428, 238, 3, 0, 11),
(1429, 239, 3, 0, 11),
(1430, 240, 3, 0, 11),
(1431, 241, 3, 0, 11),
(1432, 242, 3, 0, 11),
(1433, 243, 3, 0, 11),
(1434, 244, 3, 0, 11),
(1435, 245, 3, 0, 11),
(1436, 246, 3, 1, 11),
(1437, 247, 3, 0, 11),
(1438, 248, 3, 0, 11),
(1439, 249, 3, 0, 11),
(1440, 250, 3, 2, 11),
(1441, 251, 3, 1, 11),
(1442, 252, 4, 6, 11),
(1443, 253, 4, 0, 11),
(1444, 254, 4, 0, 11),
(1445, 255, 4, 2, 11),
(1446, 256, 4, 2, 11),
(1447, 257, 4, 0, 11),
(1448, 258, 4, 0, 11),
(1449, 259, 4, 0, 11),
(1450, 260, 4, 0, 11),
(1451, 261, 4, 2, 11),
(1452, 262, 4, 2, 11),
(1453, 263, 4, 0, 11),
(1454, 264, 4, 0, 11),
(1455, 265, 4, 3, 11),
(1456, 266, 4, 0, 11),
(1457, 267, 4, 2, 11),
(1458, 268, 4, 2, 11),
(1459, 269, 4, 0, 11),
(1460, 270, 4, 2, 11),
(1461, 271, 4, 0, 11),
(1462, 272, 4, 0, 11),
(1463, 273, 4, 0, 11),
(1464, 274, 4, 0, 11),
(1465, 275, 4, 3, 11),
(1466, 276, 4, 2, 11),
(1467, 277, 4, 0, 11),
(1468, 278, 4, 0, 11),
(1469, 279, 4, 0, 11),
(1470, 280, 4, 0, 11),
(1471, 281, 4, 0, 11),
(1472, 282, 4, 0, 11),
(1473, 1, 1, 3, 12),
(1474, 2, 1, 2, 12),
(1475, 3, 1, 3, 12),
(1476, 4, 1, 1, 12),
(1477, 5, 1, 0, 12),
(1478, 6, 1, 1, 12),
(1479, 7, 1, 0, 12),
(1480, 8, 1, 1, 12),
(1481, 9, 1, 0, 12),
(1482, 10, 1, 0, 12),
(1483, 11, 1, 0, 12),
(1484, 12, 1, 1, 12),
(1485, 13, 1, 2, 12),
(1486, 14, 1, 1, 12),
(1487, 15, 1, 2, 12),
(1488, 16, 1, 3, 12),
(1489, 17, 1, 4, 12),
(1490, 18, 1, 2, 12),
(1491, 19, 1, 4, 12),
(1492, 20, 1, 3, 12),
(1493, 21, 1, 4, 12),
(1494, 22, 1, 3, 12),
(1495, 23, 1, 0, 12),
(1496, 24, 1, 2, 12),
(1497, 25, 1, 2, 12),
(1498, 26, 1, 0, 12),
(1499, 27, 1, 0, 12),
(1500, 28, 1, 0, 12),
(1501, 29, 1, 0, 12),
(1502, 30, 1, 1, 12),
(1503, 31, 1, 1, 12),
(1504, 32, 1, 2, 12),
(1505, 33, 1, 1, 12),
(1506, 34, 1, 0, 12),
(1507, 35, 1, 2, 12),
(1508, 36, 1, 2, 12),
(1509, 37, 1, 2, 12),
(1510, 38, 1, 0, 12),
(1511, 39, 1, 0, 12),
(1512, 40, 1, 0, 12),
(1513, 41, 1, 0, 12),
(1514, 42, 1, 1, 12),
(1515, 43, 1, 2, 12),
(1516, 44, 1, 3, 12),
(1517, 45, 1, 4, 12),
(1518, 46, 1, 1, 12),
(1519, 47, 1, 2, 12),
(1520, 48, 1, 1, 12),
(1521, 49, 1, 1, 12),
(1522, 50, 1, 2, 12),
(1523, 51, 1, 2, 12),
(1524, 52, 1, 2, 12),
(1525, 53, 1, 0, 12),
(1526, 54, 1, 1, 12),
(1527, 55, 1, 0, 12),
(1528, 56, 1, 0, 12),
(1529, 57, 1, 0, 12),
(1530, 58, 1, 1, 12),
(1531, 59, 1, 0, 12),
(1532, 60, 1, 2, 12),
(1533, 61, 1, 1, 12),
(1534, 62, 1, 1, 12),
(1535, 63, 1, 0, 12),
(1536, 64, 1, 1, 12),
(1537, 65, 1, 0, 12),
(1538, 66, 1, 0, 12),
(1539, 67, 1, 1, 12),
(1540, 68, 1, 1, 12),
(1541, 69, 1, 2, 12),
(1542, 70, 1, 0, 12),
(1543, 71, 1, 1, 12),
(1544, 72, 1, 0, 12),
(1545, 73, 1, 1, 12),
(1546, 74, 1, 1, 12),
(1547, 75, 1, 0, 12),
(1548, 76, 1, 1, 12),
(1549, 77, 1, 0, 12),
(1550, 78, 1, 1, 12),
(1551, 79, 1, 0, 12),
(1552, 80, 1, 0, 12),
(1553, 81, 1, 0, 12),
(1554, 82, 1, 0, 12),
(1555, 83, 1, 0, 12),
(1556, 84, 1, 0, 12),
(1557, 85, 1, 1, 12),
(1558, 86, 1, 1, 12),
(1559, 87, 1, 1, 12),
(1560, 88, 1, 1, 12),
(1561, 89, 1, 0, 12),
(1562, 90, 1, 1, 12),
(1563, 91, 1, 2, 12),
(1564, 92, 1, 2, 12),
(1565, 93, 1, 0, 12),
(1566, 94, 1, 1, 12),
(1567, 95, 1, 1, 12),
(1568, 96, 1, 0, 12),
(1569, 97, 1, 0, 12),
(1570, 98, 1, 1, 12),
(1571, 99, 1, 0, 12),
(1572, 100, 1, 0, 12),
(1573, 101, 1, 0, 12),
(1574, 102, 1, 0, 12),
(1575, 103, 1, 0, 12),
(1576, 104, 1, 0, 12),
(1577, 105, 1, 0, 12),
(1578, 106, 1, 4, 12),
(1579, 107, 1, 4, 12),
(1580, 108, 1, 4, 12),
(1581, 109, 1, 2, 12),
(1582, 110, 1, 2, 12),
(1583, 111, 1, 2, 12),
(1584, 112, 1, 2, 12),
(1585, 113, 1, 0, 12),
(1586, 114, 1, 0, 12),
(1587, 115, 1, 0, 12),
(1588, 116, 1, 0, 12),
(1589, 117, 1, 0, 12),
(1590, 118, 1, 2, 12),
(1591, 119, 1, 2, 12),
(1592, 120, 1, 0, 12),
(1593, 121, 1, 1, 12),
(1594, 122, 1, 1, 12),
(1595, 123, 1, 1, 12),
(1596, 221, 3, 1, 12),
(1597, 222, 3, 2, 12),
(1598, 223, 3, 2, 12),
(1599, 224, 3, 3, 12),
(1600, 225, 3, 1, 12),
(1601, 226, 3, 2, 12),
(1602, 227, 3, 1, 12),
(1603, 228, 3, 1, 12),
(1604, 229, 3, 0, 12),
(1605, 230, 3, 0, 12),
(1606, 231, 3, 0, 12),
(1607, 232, 3, 0, 12),
(1608, 233, 3, 0, 12),
(1609, 234, 3, 1, 12),
(1610, 235, 3, 1, 12),
(1611, 236, 3, 1, 12),
(1612, 237, 3, 1, 12),
(1613, 238, 3, 1, 12),
(1614, 239, 3, 1, 12),
(1615, 240, 3, 1, 12),
(1616, 241, 3, 2, 12),
(1617, 242, 3, 0, 12),
(1618, 243, 3, 1, 12),
(1619, 244, 3, 2, 12),
(1620, 245, 3, 0, 12),
(1621, 246, 3, 2, 12),
(1622, 247, 3, 0, 12),
(1623, 248, 3, 2, 12),
(1624, 249, 3, 0, 12),
(1625, 250, 3, 1, 12),
(1626, 251, 3, 0, 12),
(1627, 252, 4, 3, 12),
(1628, 253, 4, 3, 12),
(1629, 254, 4, 0, 12),
(1630, 255, 4, 2, 12),
(1631, 256, 4, 0, 12),
(1632, 257, 4, 0, 12),
(1633, 258, 4, 0, 12),
(1634, 259, 4, 0, 12),
(1635, 260, 4, 0, 12),
(1636, 261, 4, 0, 12),
(1637, 262, 4, 0, 12),
(1638, 263, 4, 0, 12),
(1639, 264, 4, 3, 12),
(1640, 265, 4, 3, 12),
(1641, 266, 4, 0, 12),
(1642, 267, 4, 0, 12),
(1643, 268, 4, 0, 12),
(1644, 269, 4, 0, 12),
(1645, 270, 4, 0, 12),
(1646, 271, 4, 0, 12),
(1647, 272, 4, 1, 12),
(1648, 273, 4, 0, 12),
(1649, 274, 4, 0, 12),
(1650, 275, 4, 0, 12),
(1651, 276, 4, 0, 12),
(1652, 277, 4, 0, 12),
(1653, 278, 4, 0, 12),
(1654, 279, 4, 0, 12),
(1655, 280, 4, 0, 12),
(1656, 281, 4, 0, 12),
(1657, 282, 4, 0, 12),
(1658, 124, 2, 0, 13),
(1659, 125, 2, 3, 13),
(1660, 126, 2, 1, 13),
(1661, 127, 2, 0, 13),
(1662, 128, 2, 0, 13),
(1663, 129, 2, 0, 13),
(1664, 130, 2, 1, 13),
(1665, 131, 2, 0, 13),
(1666, 132, 2, 0, 13),
(1667, 133, 2, 0, 13),
(1668, 134, 2, 2, 13),
(1669, 135, 2, 0, 13),
(1670, 136, 2, 2, 13),
(1671, 137, 2, 2, 13),
(1672, 138, 2, 3, 13),
(1673, 139, 2, 2, 13),
(1674, 140, 2, 4, 13),
(1675, 141, 2, 4, 13),
(1676, 142, 2, 3, 13),
(1677, 143, 2, 4, 13),
(1678, 144, 2, 1, 13),
(1679, 145, 2, 2, 13),
(1680, 146, 2, 0, 13),
(1681, 147, 2, 0, 13),
(1682, 148, 2, 2, 13),
(1683, 149, 2, 0, 13),
(1684, 150, 2, 0, 13),
(1685, 151, 2, 0, 13),
(1686, 152, 2, 0, 13),
(1687, 153, 2, 0, 13),
(1688, 154, 2, 0, 13),
(1689, 155, 2, 0, 13),
(1690, 156, 2, 0, 13),
(1691, 157, 2, 1, 13),
(1692, 158, 2, 1, 13),
(1693, 159, 2, 1, 13),
(1694, 160, 2, 2, 13),
(1695, 161, 2, 0, 13),
(1696, 162, 2, 1, 13),
(1697, 163, 2, 1, 13),
(1698, 164, 2, 0, 13),
(1699, 165, 2, 0, 13),
(1700, 166, 2, 0, 13),
(1701, 167, 2, 0, 13),
(1702, 168, 2, 0, 13),
(1703, 169, 2, 0, 13),
(1704, 170, 2, 0, 13),
(1705, 171, 2, 0, 13),
(1706, 172, 2, 0, 13),
(1707, 173, 2, 0, 13),
(1708, 174, 2, 0, 13),
(1709, 175, 2, 0, 13),
(1710, 176, 2, 1, 13),
(1711, 177, 2, 0, 13),
(1712, 178, 2, 0, 13),
(1713, 179, 2, 0, 13),
(1714, 180, 2, 0, 13),
(1715, 181, 2, 0, 13),
(1716, 182, 2, 0, 13),
(1717, 183, 2, 0, 13),
(1718, 184, 2, 0, 13),
(1719, 185, 2, 0, 13),
(1720, 186, 2, 0, 13),
(1721, 187, 2, 0, 13),
(1722, 188, 2, 0, 13),
(1723, 189, 2, 0, 13),
(1724, 190, 2, 0, 13),
(1725, 191, 2, 1, 13),
(1726, 192, 2, 0, 13),
(1727, 193, 2, 0, 13),
(1728, 194, 2, 0, 13),
(1729, 195, 2, 0, 13),
(1730, 196, 2, 0, 13),
(1731, 197, 2, 1, 13),
(1732, 198, 2, 0, 13),
(1733, 199, 2, 0, 13),
(1734, 200, 2, 0, 13),
(1735, 201, 2, 0, 13),
(1736, 202, 2, 0, 13),
(1737, 203, 2, 0, 13),
(1738, 204, 2, 0, 13),
(1739, 205, 2, 1, 13),
(1740, 206, 2, 0, 13),
(1741, 207, 2, 0, 13),
(1742, 208, 2, 0, 13),
(1743, 209, 2, 0, 13),
(1744, 210, 2, 0, 13),
(1745, 211, 2, 0, 13),
(1746, 212, 2, 2, 13),
(1747, 213, 2, 3, 13),
(1748, 214, 2, 1, 13),
(1749, 215, 2, 0, 13),
(1750, 216, 2, 1, 13),
(1751, 217, 2, 0, 13),
(1752, 218, 2, 0, 13),
(1753, 219, 2, 0, 13),
(1754, 220, 2, 1, 13),
(1755, 221, 3, 2, 13),
(1756, 222, 3, 3, 13),
(1757, 223, 3, 4, 13),
(1758, 224, 3, 2, 13),
(1759, 225, 3, 2, 13),
(1760, 226, 3, 2, 13),
(1761, 227, 3, 1, 13),
(1762, 228, 3, 1, 13),
(1763, 229, 3, 1, 13),
(1764, 230, 3, 1, 13),
(1765, 231, 3, 0, 13),
(1766, 232, 3, 0, 13),
(1767, 233, 3, 0, 13),
(1768, 234, 3, 0, 13),
(1769, 235, 3, 1, 13),
(1770, 236, 3, 1, 13),
(1771, 237, 3, 0, 13),
(1772, 238, 3, 1, 13),
(1773, 239, 3, 1, 13),
(1774, 240, 3, 1, 13),
(1775, 241, 3, 1, 13),
(1776, 242, 3, 0, 13),
(1777, 243, 3, 1, 13),
(1778, 244, 3, 0, 13),
(1779, 245, 3, 0, 13),
(1780, 246, 3, 0, 13),
(1781, 247, 3, 0, 13),
(1782, 248, 3, 0, 13),
(1783, 249, 3, 1, 13),
(1784, 250, 3, 2, 13),
(1785, 251, 3, 1, 13),
(1786, 252, 4, 3, 13),
(1787, 253, 4, 3, 13),
(1788, 254, 4, 0, 13),
(1789, 255, 4, 4, 13),
(1790, 256, 4, 2, 13),
(1791, 257, 4, 0, 13),
(1792, 258, 4, 0, 13),
(1793, 259, 4, 0, 13),
(1794, 260, 4, 0, 13),
(1795, 261, 4, 0, 13),
(1796, 262, 4, 0, 13),
(1797, 263, 4, 0, 13),
(1798, 264, 4, 3, 13),
(1799, 265, 4, 0, 13),
(1800, 266, 4, 0, 13),
(1801, 267, 4, 2, 13),
(1802, 268, 4, 2, 13),
(1803, 269, 4, 0, 13),
(1804, 270, 4, 0, 13),
(1805, 271, 4, 0, 13),
(1806, 272, 4, 0, 13),
(1807, 273, 4, 0, 13),
(1808, 274, 4, 0, 13),
(1809, 275, 4, 0, 13),
(1810, 276, 4, 2, 13),
(1811, 277, 4, 0, 13),
(1812, 278, 4, 0, 13),
(1813, 279, 4, 2, 13),
(1814, 280, 4, 0, 13),
(1815, 281, 4, 0, 13),
(1816, 282, 4, 0, 13),
(1817, 1, 1, 0, 14),
(1818, 2, 1, 0, 14),
(1819, 3, 1, 1, 14),
(1820, 4, 1, 1, 14),
(1821, 5, 1, 0, 14),
(1822, 6, 1, 0, 14),
(1823, 7, 1, 0, 14),
(1824, 8, 1, 1, 14),
(1825, 9, 1, 2, 14),
(1826, 10, 1, 0, 14),
(1827, 11, 1, 0, 14),
(1828, 12, 1, 1, 14),
(1829, 13, 1, 2, 14),
(1830, 14, 1, 2, 14),
(1831, 15, 1, 2, 14),
(1832, 16, 1, 3, 14),
(1833, 17, 1, 3, 14),
(1834, 18, 1, 3, 14),
(1835, 19, 1, 2, 14),
(1836, 20, 1, 3, 14),
(1837, 21, 1, 3, 14),
(1838, 22, 1, 3, 14),
(1839, 23, 1, 2, 14),
(1840, 24, 1, 0, 14),
(1841, 25, 1, 1, 14),
(1842, 26, 1, 0, 14),
(1843, 27, 1, 1, 14),
(1844, 28, 1, 0, 14),
(1845, 29, 1, 1, 14),
(1846, 30, 1, 1, 14),
(1847, 31, 1, 2, 14),
(1848, 32, 1, 1, 14),
(1849, 33, 1, 2, 14),
(1850, 34, 1, 1, 14),
(1851, 35, 1, 4, 14),
(1852, 36, 1, 1, 14),
(1853, 37, 1, 2, 14),
(1854, 38, 1, 1, 14),
(1855, 39, 1, 1, 14),
(1856, 40, 1, 1, 14),
(1857, 41, 1, 0, 14),
(1858, 42, 1, 1, 14),
(1859, 43, 1, 1, 14),
(1860, 44, 1, 1, 14),
(1861, 45, 1, 2, 14),
(1862, 46, 1, 1, 14),
(1863, 47, 1, 2, 14),
(1864, 48, 1, 1, 14),
(1865, 49, 1, 0, 14),
(1866, 50, 1, 1, 14),
(1867, 51, 1, 2, 14),
(1868, 52, 1, 2, 14),
(1869, 53, 1, 1, 14),
(1870, 54, 1, 1, 14),
(1871, 55, 1, 0, 14),
(1872, 56, 1, 1, 14),
(1873, 57, 1, 1, 14),
(1874, 58, 1, 1, 14),
(1875, 59, 1, 0, 14),
(1876, 60, 1, 0, 14),
(1877, 61, 1, 0, 14),
(1878, 62, 1, 1, 14),
(1879, 63, 1, 0, 14),
(1880, 64, 1, 1, 14),
(1881, 65, 1, 1, 14),
(1882, 66, 1, 0, 14),
(1883, 67, 1, 1, 14),
(1884, 68, 1, 1, 14),
(1885, 69, 1, 0, 14),
(1886, 70, 1, 1, 14),
(1887, 71, 1, 0, 14),
(1888, 72, 1, 0, 14),
(1889, 73, 1, 0, 14),
(1890, 74, 1, 0, 14),
(1891, 75, 1, 0, 14),
(1892, 76, 1, 0, 14),
(1893, 77, 1, 0, 14),
(1894, 78, 1, 0, 14),
(1895, 79, 1, 0, 14),
(1896, 80, 1, 0, 14),
(1897, 81, 1, 0, 14),
(1898, 82, 1, 0, 14),
(1899, 83, 1, 0, 14),
(1900, 84, 1, 0, 14),
(1901, 85, 1, 0, 14),
(1902, 86, 1, 1, 14),
(1903, 87, 1, 1, 14),
(1904, 88, 1, 1, 14),
(1905, 89, 1, 1, 14),
(1906, 90, 1, 1, 14),
(1907, 91, 1, 1, 14),
(1908, 92, 1, 1, 14),
(1909, 93, 1, 1, 14),
(1910, 94, 1, 1, 14),
(1911, 95, 1, 0, 14),
(1912, 96, 1, 1, 14),
(1913, 97, 1, 0, 14),
(1914, 98, 1, 0, 14),
(1915, 99, 1, 1, 14),
(1916, 100, 1, 1, 14),
(1917, 101, 1, 0, 14),
(1918, 102, 1, 0, 14),
(1919, 103, 1, 1, 14),
(1920, 104, 1, 0, 14),
(1921, 105, 1, 0, 14),
(1922, 106, 1, 2, 14),
(1923, 107, 1, 2, 14),
(1924, 108, 1, 1, 14),
(1925, 109, 1, 0, 14),
(1926, 110, 1, 3, 14),
(1927, 111, 1, 0, 14),
(1928, 112, 1, 2, 14),
(1929, 113, 1, 0, 14),
(1930, 114, 1, 0, 14),
(1931, 115, 1, 0, 14),
(1932, 116, 1, 0, 14),
(1933, 117, 1, 0, 14),
(1934, 118, 1, 0, 14),
(1935, 119, 1, 0, 14),
(1936, 120, 1, 0, 14),
(1937, 121, 1, 0, 14),
(1938, 122, 1, 0, 14),
(1939, 123, 1, 0, 14),
(1940, 221, 3, 1, 14),
(1941, 222, 3, 1, 14),
(1942, 223, 3, 1, 14),
(1943, 224, 3, 1, 14),
(1944, 225, 3, 1, 14),
(1945, 226, 3, 1, 14),
(1946, 227, 3, 0, 14),
(1947, 228, 3, 0, 14),
(1948, 229, 3, 1, 14),
(1949, 230, 3, 1, 14),
(1950, 231, 3, 0, 14),
(1951, 232, 3, 0, 14),
(1952, 233, 3, 1, 14),
(1953, 234, 3, 1, 14),
(1954, 235, 3, 1, 14),
(1955, 236, 3, 1, 14),
(1956, 237, 3, 0, 14),
(1957, 238, 3, 0, 14),
(1958, 239, 3, 1, 14),
(1959, 240, 3, 1, 14),
(1960, 241, 3, 1, 14),
(1961, 242, 3, 0, 14),
(1962, 243, 3, 0, 14),
(1963, 244, 3, 2, 14),
(1964, 245, 3, 0, 14),
(1965, 246, 3, 2, 14),
(1966, 247, 3, 0, 14),
(1967, 248, 3, 1, 14),
(1968, 249, 3, 1, 14),
(1969, 250, 3, 1, 14),
(1970, 251, 3, 1, 14),
(1971, 252, 4, 3, 14),
(1972, 253, 4, 0, 14),
(1973, 254, 4, 0, 14),
(1974, 255, 4, 2, 14),
(1975, 256, 4, 2, 14),
(1976, 257, 4, 0, 14),
(1977, 258, 4, 1, 14),
(1978, 259, 4, 0, 14),
(1979, 260, 4, 0, 14),
(1980, 261, 4, 0, 14),
(1981, 262, 4, 0, 14),
(1982, 263, 4, 1, 14),
(1983, 264, 4, 3, 14),
(1984, 265, 4, 0, 14),
(1985, 266, 4, 0, 14),
(1986, 267, 4, 2, 14),
(1987, 268, 4, 2, 14),
(1988, 269, 4, 2, 14),
(1989, 270, 4, 0, 14),
(1990, 271, 4, 0, 14),
(1991, 272, 4, 1, 14),
(1992, 273, 4, 0, 14),
(1993, 274, 4, 3, 14),
(1994, 275, 4, 0, 14),
(1995, 276, 4, 0, 14),
(1996, 277, 4, 0, 14),
(1997, 278, 4, 0, 14),
(1998, 279, 4, 0, 14),
(1999, 280, 4, 0, 14),
(2000, 281, 4, 0, 14),
(2001, 282, 4, 1, 14),
(2002, 124, 2, 0, 15),
(2003, 125, 2, 0, 15),
(2004, 126, 2, 1, 15),
(2005, 127, 2, 1, 15),
(2006, 128, 2, 0, 15),
(2007, 129, 2, 0, 15),
(2008, 130, 2, 0, 15),
(2009, 131, 2, 1, 15),
(2010, 132, 2, 2, 15),
(2011, 133, 2, 4, 15),
(2012, 134, 2, 3, 15),
(2013, 135, 2, 0, 15),
(2014, 136, 2, 2, 15),
(2015, 137, 2, 2, 15),
(2016, 138, 2, 3, 15),
(2017, 139, 2, 2, 15),
(2018, 140, 2, 1, 15),
(2019, 141, 2, 0, 15),
(2020, 142, 2, 0, 15),
(2021, 143, 2, 3, 15),
(2022, 144, 2, 0, 15),
(2023, 145, 2, 1, 15),
(2024, 146, 2, 1, 15),
(2025, 147, 2, 0, 15),
(2026, 148, 2, 2, 15),
(2027, 149, 2, 2, 15),
(2028, 150, 2, 0, 15),
(2029, 151, 2, 2, 15),
(2030, 152, 2, 2, 15),
(2031, 153, 2, 2, 15),
(2032, 154, 2, 1, 15),
(2033, 155, 2, 3, 15),
(2034, 156, 2, 0, 15),
(2035, 157, 2, 0, 15),
(2036, 158, 2, 0, 15),
(2037, 159, 2, 1, 15),
(2038, 160, 2, 1, 15),
(2039, 161, 2, 0, 15),
(2040, 162, 2, 0, 15),
(2041, 163, 2, 1, 15),
(2042, 164, 2, 0, 15),
(2043, 165, 2, 0, 15),
(2044, 166, 2, 0, 15),
(2045, 167, 2, 0, 15),
(2046, 168, 2, 0, 15),
(2047, 169, 2, 0, 15),
(2048, 170, 2, 0, 15),
(2049, 171, 2, 0, 15),
(2050, 172, 2, 0, 15),
(2051, 173, 2, 0, 15),
(2052, 174, 2, 0, 15),
(2053, 175, 2, 0, 15),
(2054, 176, 2, 0, 15),
(2055, 177, 2, 0, 15),
(2056, 178, 2, 1, 15),
(2057, 179, 2, 0, 15),
(2058, 180, 2, 1, 15),
(2059, 181, 2, 0, 15),
(2060, 182, 2, 0, 15),
(2061, 183, 2, 0, 15),
(2062, 184, 2, 0, 15),
(2063, 185, 2, 2, 15),
(2064, 186, 2, 1, 15),
(2065, 187, 2, 2, 15),
(2066, 188, 2, 2, 15),
(2067, 189, 2, 0, 15),
(2068, 190, 2, 0, 15),
(2069, 191, 2, 1, 15),
(2070, 192, 2, 1, 15),
(2071, 193, 2, 2, 15),
(2072, 194, 2, 1, 15),
(2073, 195, 2, 0, 15),
(2074, 196, 2, 3, 15),
(2075, 197, 2, 3, 15),
(2076, 198, 2, 3, 15),
(2077, 199, 2, 2, 15),
(2078, 200, 2, 3, 15),
(2079, 201, 2, 4, 15),
(2080, 202, 2, 0, 15),
(2081, 203, 2, 0, 15),
(2082, 204, 2, 1, 15),
(2083, 205, 2, 4, 15),
(2084, 206, 2, 0, 15),
(2085, 207, 2, 1, 15),
(2086, 208, 2, 0, 15),
(2087, 209, 2, 2, 15),
(2088, 210, 2, 0, 15),
(2089, 211, 2, 0, 15),
(2090, 212, 2, 0, 15),
(2091, 213, 2, 0, 15),
(2092, 214, 2, 0, 15),
(2093, 215, 2, 0, 15),
(2094, 216, 2, 0, 15),
(2095, 217, 2, 0, 15),
(2096, 218, 2, 0, 15),
(2097, 219, 2, 0, 15),
(2098, 220, 2, 0, 15),
(2099, 221, 3, 2, 15),
(2100, 222, 3, 3, 15),
(2101, 223, 3, 4, 15),
(2102, 224, 3, 3, 15),
(2103, 225, 3, 2, 15),
(2104, 226, 3, 2, 15),
(2105, 227, 3, 3, 15),
(2106, 228, 3, 0, 15),
(2107, 229, 3, 0, 15),
(2108, 230, 3, 1, 15),
(2109, 231, 3, 0, 15),
(2110, 232, 3, 0, 15),
(2111, 233, 3, 0, 15),
(2112, 234, 3, 2, 15),
(2113, 235, 3, 3, 15),
(2114, 236, 3, 3, 15),
(2115, 237, 3, 2, 15),
(2116, 238, 3, 1, 15),
(2117, 239, 3, 0, 15),
(2118, 240, 3, 0, 15),
(2119, 241, 3, 1, 15),
(2120, 242, 3, 0, 15),
(2121, 243, 3, 2, 15),
(2122, 244, 3, 0, 15),
(2123, 245, 3, 0, 15),
(2124, 246, 3, 1, 15),
(2125, 247, 3, 0, 15),
(2126, 248, 3, 0, 15),
(2127, 249, 3, 1, 15),
(2128, 250, 3, 2, 15),
(2129, 251, 3, 1, 15),
(2130, 252, 4, 3, 15),
(2131, 253, 4, 0, 15),
(2132, 254, 4, 0, 15),
(2133, 255, 4, 4, 15),
(2134, 256, 4, 2, 15),
(2135, 257, 4, 0, 15),
(2136, 258, 4, 1, 15),
(2137, 259, 4, 0, 15),
(2138, 260, 4, 3, 15),
(2139, 261, 4, 0, 15),
(2140, 262, 4, 0, 15),
(2141, 263, 4, 1, 15),
(2142, 264, 4, 3, 15),
(2143, 265, 4, 3, 15),
(2144, 266, 4, 0, 15),
(2145, 267, 4, 2, 15),
(2146, 268, 4, 2, 15),
(2147, 269, 4, 0, 15),
(2148, 270, 4, 2, 15),
(2149, 271, 4, 0, 15),
(2150, 272, 4, 1, 15),
(2151, 273, 4, 1, 15),
(2152, 274, 4, 0, 15),
(2153, 275, 4, 3, 15),
(2154, 276, 4, 2, 15),
(2155, 277, 4, 0, 15),
(2156, 278, 4, 0, 15),
(2157, 279, 4, 0, 15),
(2158, 280, 4, 0, 15),
(2159, 281, 4, 0, 15),
(2160, 282, 4, 0, 15),
(2161, 124, 2, 0, 16),
(2162, 125, 2, 1, 16),
(2163, 126, 2, 0, 16),
(2164, 127, 2, 0, 16),
(2165, 128, 2, 0, 16),
(2166, 129, 2, 0, 16),
(2167, 130, 2, 4, 16),
(2168, 131, 2, 2, 16),
(2169, 132, 2, 1, 16),
(2170, 133, 2, 4, 16),
(2171, 134, 2, 3, 16),
(2172, 135, 2, 0, 16),
(2173, 136, 2, 2, 16),
(2174, 137, 2, 2, 16),
(2175, 138, 2, 3, 16),
(2176, 139, 2, 2, 16),
(2177, 140, 2, 1, 16),
(2178, 141, 2, 0, 16),
(2179, 142, 2, 0, 16),
(2180, 143, 2, 3, 16),
(2181, 144, 2, 0, 16),
(2182, 145, 2, 1, 16),
(2183, 146, 2, 1, 16),
(2184, 147, 2, 0, 16),
(2185, 148, 2, 2, 16),
(2186, 149, 2, 2, 16),
(2187, 150, 2, 0, 16),
(2188, 151, 2, 2, 16),
(2189, 152, 2, 2, 16),
(2190, 153, 2, 2, 16),
(2191, 154, 2, 1, 16),
(2192, 155, 2, 3, 16),
(2193, 156, 2, 0, 16),
(2194, 157, 2, 0, 16),
(2195, 158, 2, 0, 16),
(2196, 159, 2, 1, 16),
(2197, 160, 2, 1, 16),
(2198, 161, 2, 0, 16),
(2199, 162, 2, 0, 16),
(2200, 163, 2, 1, 16),
(2201, 164, 2, 0, 16),
(2202, 165, 2, 0, 16),
(2203, 166, 2, 0, 16),
(2204, 167, 2, 0, 16),
(2205, 168, 2, 0, 16),
(2206, 169, 2, 0, 16),
(2207, 170, 2, 0, 16),
(2208, 171, 2, 0, 16),
(2209, 172, 2, 0, 16),
(2210, 173, 2, 0, 16),
(2211, 174, 2, 0, 16),
(2212, 175, 2, 0, 16),
(2213, 176, 2, 0, 16),
(2214, 177, 2, 0, 16),
(2215, 178, 2, 1, 16),
(2216, 179, 2, 0, 16),
(2217, 180, 2, 1, 16),
(2218, 181, 2, 0, 16),
(2219, 182, 2, 0, 16),
(2220, 183, 2, 0, 16),
(2221, 184, 2, 0, 16),
(2222, 185, 2, 2, 16),
(2223, 186, 2, 1, 16),
(2224, 187, 2, 2, 16),
(2225, 188, 2, 2, 16),
(2226, 189, 2, 0, 16),
(2227, 190, 2, 0, 16),
(2228, 191, 2, 1, 16),
(2229, 192, 2, 1, 16),
(2230, 193, 2, 2, 16),
(2231, 194, 2, 1, 16),
(2232, 195, 2, 0, 16),
(2233, 196, 2, 3, 16),
(2234, 197, 2, 3, 16),
(2235, 198, 2, 3, 16),
(2236, 199, 2, 2, 16),
(2237, 200, 2, 3, 16),
(2238, 201, 2, 4, 16),
(2239, 202, 2, 0, 16),
(2240, 203, 2, 0, 16),
(2241, 204, 2, 1, 16),
(2242, 205, 2, 4, 16),
(2243, 206, 2, 0, 16),
(2244, 207, 2, 1, 16),
(2245, 208, 2, 0, 16),
(2246, 209, 2, 2, 16),
(2247, 210, 2, 0, 16),
(2248, 211, 2, 0, 16),
(2249, 212, 2, 0, 16),
(2250, 213, 2, 0, 16),
(2251, 214, 2, 0, 16),
(2252, 215, 2, 0, 16),
(2253, 216, 2, 0, 16),
(2254, 217, 2, 0, 16),
(2255, 218, 2, 0, 16),
(2256, 219, 2, 0, 16),
(2257, 220, 2, 0, 16),
(2258, 221, 3, 2, 16),
(2259, 222, 3, 3, 16),
(2260, 223, 3, 4, 16),
(2261, 224, 3, 3, 16),
(2262, 225, 3, 2, 16),
(2263, 226, 3, 2, 16),
(2264, 227, 3, 3, 16),
(2265, 228, 3, 0, 16),
(2266, 229, 3, 0, 16),
(2267, 230, 3, 1, 16),
(2268, 231, 3, 0, 16),
(2269, 232, 3, 0, 16),
(2270, 233, 3, 0, 16),
(2271, 234, 3, 2, 16),
(2272, 235, 3, 3, 16),
(2273, 236, 3, 3, 16),
(2274, 237, 3, 2, 16),
(2275, 238, 3, 1, 16),
(2276, 239, 3, 0, 16),
(2277, 240, 3, 0, 16),
(2278, 241, 3, 1, 16),
(2279, 242, 3, 0, 16),
(2280, 243, 3, 2, 16),
(2281, 244, 3, 0, 16),
(2282, 245, 3, 0, 16),
(2283, 246, 3, 1, 16),
(2284, 247, 3, 0, 16),
(2285, 248, 3, 0, 16),
(2286, 249, 3, 1, 16),
(2287, 250, 3, 2, 16),
(2288, 251, 3, 1, 16),
(2289, 252, 4, 3, 16),
(2290, 253, 4, 0, 16),
(2291, 254, 4, 0, 16),
(2292, 255, 4, 4, 16),
(2293, 256, 4, 2, 16),
(2294, 257, 4, 0, 16),
(2295, 258, 4, 1, 16),
(2296, 259, 4, 0, 16),
(2297, 260, 4, 3, 16),
(2298, 261, 4, 0, 16),
(2299, 262, 4, 0, 16),
(2300, 263, 4, 1, 16),
(2301, 264, 4, 3, 16),
(2302, 265, 4, 3, 16),
(2303, 266, 4, 0, 16),
(2304, 267, 4, 2, 16),
(2305, 268, 4, 2, 16),
(2306, 269, 4, 0, 16),
(2307, 270, 4, 2, 16),
(2308, 271, 4, 0, 16),
(2309, 272, 4, 1, 16),
(2310, 273, 4, 1, 16),
(2311, 274, 4, 0, 16),
(2312, 275, 4, 3, 16),
(2313, 276, 4, 2, 16),
(2314, 277, 4, 0, 16),
(2315, 278, 4, 0, 16),
(2316, 279, 4, 0, 16),
(2317, 280, 4, 0, 16),
(2318, 281, 4, 0, 16),
(2319, 282, 4, 0, 16);

--
-- Índices para tablas volcadas
--

--
-- Indices de la tabla `cuestionario`
--
ALTER TABLE `cuestionario`
  ADD PRIMARY KEY (`id`);

--
-- Indices de la tabla `cuestionario_dimencion_dominio`
--
ALTER TABLE `cuestionario_dimencion_dominio`
  ADD PRIMARY KEY (`id`);

--
-- Indices de la tabla `datos_generales`
--
ALTER TABLE `datos_generales`
  ADD PRIMARY KEY (`id`);

--
-- Indices de la tabla `dimenciones`
--
ALTER TABLE `dimenciones`
  ADD PRIMARY KEY (`id`);

--
-- Indices de la tabla `dimencion_item`
--
ALTER TABLE `dimencion_item`
  ADD PRIMARY KEY (`id`);

--
-- Indices de la tabla `dominios`
--
ALTER TABLE `dominios`
  ADD PRIMARY KEY (`id`);

--
-- Indices de la tabla `filtros`
--
ALTER TABLE `filtros`
  ADD PRIMARY KEY (`id`),
  ADD UNIQUE KEY `unico` (`campo`) USING HASH;

--
-- Indices de la tabla `items`
--
ALTER TABLE `items`
  ADD PRIMARY KEY (`id`);

--
-- Indices de la tabla `rangos`
--
ALTER TABLE `rangos`
  ADD PRIMARY KEY (`id`);

--
-- Indices de la tabla `respuestas`
--
ALTER TABLE `respuestas`
  ADD PRIMARY KEY (`id`);

--
-- AUTO_INCREMENT de las tablas volcadas
--

--
-- AUTO_INCREMENT de la tabla `cuestionario`
--
ALTER TABLE `cuestionario`
  MODIFY `id` int(11) NOT NULL AUTO_INCREMENT, AUTO_INCREMENT=5;

--
-- AUTO_INCREMENT de la tabla `cuestionario_dimencion_dominio`
--
ALTER TABLE `cuestionario_dimencion_dominio`
  MODIFY `id` int(11) NOT NULL AUTO_INCREMENT, AUTO_INCREMENT=48;

--
-- AUTO_INCREMENT de la tabla `datos_generales`
--
ALTER TABLE `datos_generales`
  MODIFY `id` int(11) NOT NULL AUTO_INCREMENT, AUTO_INCREMENT=17;

--
-- AUTO_INCREMENT de la tabla `dimenciones`
--
ALTER TABLE `dimenciones`
  MODIFY `id` int(11) NOT NULL AUTO_INCREMENT, AUTO_INCREMENT=46;

--
-- AUTO_INCREMENT de la tabla `dimencion_item`
--
ALTER TABLE `dimencion_item`
  MODIFY `id` int(11) NOT NULL AUTO_INCREMENT, AUTO_INCREMENT=283;

--
-- AUTO_INCREMENT de la tabla `dominios`
--
ALTER TABLE `dominios`
  MODIFY `id` int(11) NOT NULL AUTO_INCREMENT, AUTO_INCREMENT=5;

--
-- AUTO_INCREMENT de la tabla `filtros`
--
ALTER TABLE `filtros`
  MODIFY `id` int(11) NOT NULL AUTO_INCREMENT, AUTO_INCREMENT=23;

--
-- AUTO_INCREMENT de la tabla `items`
--
ALTER TABLE `items`
  MODIFY `id` int(11) NOT NULL AUTO_INCREMENT, AUTO_INCREMENT=283;

--
-- AUTO_INCREMENT de la tabla `rangos`
--
ALTER TABLE `rangos`
  MODIFY `id` int(11) NOT NULL AUTO_INCREMENT, AUTO_INCREMENT=283;

--
-- AUTO_INCREMENT de la tabla `respuestas`
--
ALTER TABLE `respuestas`
  MODIFY `id` int(11) NOT NULL AUTO_INCREMENT, AUTO_INCREMENT=2320;
COMMIT;

/*!40101 SET CHARACTER_SET_CLIENT=@OLD_CHARACTER_SET_CLIENT */;
/*!40101 SET CHARACTER_SET_RESULTS=@OLD_CHARACTER_SET_RESULTS */;
/*!40101 SET COLLATION_CONNECTION=@OLD_COLLATION_CONNECTION */;
